"locationID","fullName","utmEast","utmNorth","utmZone","locationAbbr","areaID","landOwnerID","defaultTimeZone","areaAbbr"
4292,"ACC Library",277826,3758630,"17","ALIB",44,1120,"US/Eastern","AHGA"
4293,"Cedar Shoals High School",284744,3755588,"17","CSHS",44,1120,"US/Eastern","AHGA"
4294,"Ben Epps Airport",283827,3758688,"17","ARPT",44,1120,"US/Eastern","AHGA"
4295,"Barnes",277851,3759960,"17","BARN",44,1121,"US/Eastern","AHGA"
4296,"Bear Hollow Zoo",279239,3756650,"17","BZOO",44,1120,"US/Eastern","AHGA"
4297,"Beech Haven",276621,3759318,"17","BHVN",44,1120,"US/Eastern","AHGA"
4298,"Ben Burton Park",274744,3760096,"17","BBPK",44,1120,"US/Eastern","AHGA"
4299,"Birchwood Trail",279115,3756786,"17","BWDT",44,1120,"US/Eastern","AHGA"
4300,"Bishop Park",276961,3760756,"17","BIHP",44,1120,"US/Eastern","AHGA"
4301,"College of Veterinary Medicine",282694,3755863,"17","CVMD",44,1123,"US/Eastern","AHGA"
4302,"Dairy Farm",291754,3754829,"17","UGDF",44,1123,"US/Eastern","AHGA"
4303,"Decker Park",279122,3757746,"17","DCKR",44,1120,"US/Eastern","AHGA"
4304,"Dudley Park",281225,3759762,"17","DUDP",44,1120,"US/Eastern","AHGA"
4305,"DX Beech Haven",275217,3759046,"17","DXBH",44,1120,"US/Eastern","AHGA"
4306,"Ed Halper",279666,3759310,"17","HALP",44,1122,"US/Eastern","AHGA"
4307,"Ed Halper2",279658,3759321,"17","HALP2",44,1122,"US/Eastern","AHGA"
4308,"Fire Station #4",276794,3760656,"17","FIRE",44,1120,"US/Eastern","AHGA"
4309,"Lake Herrick",280412,3756277,"17","UGLH",44,1123,"US/Eastern","AHGA"
4310,"Landfill North",290631,3757133,"17","LDFN",44,1120,"US/Eastern","AHGA"
4311,"Landfill South",290674,3755762,"17","LDFS",44,1120,"US/Eastern","AHGA"
4312,"Mitchell Bridge Road",273664,3759021,"17","MBRD",44,1120,"US/Eastern","AHGA"
4313,"National Deer Association",270448,3759352,"17","NDA1",44,1124,"US/Eastern","AHGA"
4314,"National Deer Association",270603,3759644,"17","NDA2",44,1124,"US/Eastern","AHGA"
4315,"North Oconee Water Reclamation Facility",281995,3758184,"17","NOWR",44,1120,"US/Eastern","AHGA"
4316,"Radio Tower",273073,3760791,"17","RDIO",44,1120,"US/Eastern","AHGA"
4317,"Riverhill Drive",276622,3758109,"17","RHDR",44,1120,"US/Eastern","AHGA"
4318,"Rivers Crossing",281807,3756904,"17","UGRC",44,1123,"US/Eastern","AHGA"
4319,"Satterfield Park",285300,3758184,"17","STPK",44,1120,"US/Eastern","AHGA"
4320,"Satterfield Park",285307,3758276,"17","STPK2",44,1120,"US/Eastern","AHGA"
4321,"Southeast Park",287045,3756121,"17","SEPK",44,1120,"US/Eastern","AHGA"
4322,"UGA Cattle Farm",292315,3752708,"17","UGACF",44,1123,"US/Eastern","AHGA"
4323,"Warnell",280640,3758460,"17","WARN",44,1123,"US/Eastern","AHGA"
4324,"Westside Bottle Shop",272636,3757993,"17","WSBS",44,1120,"US/Eastern","AHGA"
2989,"Emma Long Metropolitan Park",612014.5,3357457.75,"14N","AUTX-C01-EML",9,453,"America/Chicago","AUTX"
2990,"Wild Basin Wilderness Preserve",613591,3354070,"14N","AUTX-C01-WBP",9,454,"America/Chicago","AUTX"
2991,"Redbud Isle",616700,3351482,"14N","AUTX-C02-RBI",9,453,"America/Chicago","AUTX"
2992,"Pease District Park",619797,3350913,"14N","AUTX-C02-PEA",9,453,"America/Chicago","AUTX"
2993,"Zilker Nature Preserve",617705,3349602,"14N","AUTX-C02-ZIL",9,453,"America/Chicago","AUTX"
2994,"Eastwoods Neighborhood Park",622019.5625,3351600.75,"14N","AUTX-C02-EAS",9,453,"America/Chicago","AUTX"
2995,"Brush Square Park",621271.0625,3348882.25,"14N","AUTX-C02-BRU",9,453,"America/Chicago","AUTX"
2996,"Boggy Creek Preserve",623806,3348990,"14N","AUTX-C02-BOG",9,453,"America/Chicago","AUTX"
2997,"Metz Park",623220.625,3347329.25,"14N","AUTX-C02-MET",9,453,"America/Chicago","AUTX"
2998,"Montopolis Fields",626013,3345173,"14N","AUTX-C03-MON",9,453,"America/Chicago","AUTX"
2999,"Hornsby Bend",629892,3343411,"14N","AUTX-C03-HOR",9,453,"America/Chicago","AUTX"
3000,"Roy G. Guerrero Park",624485,3346571,"14N","AUTX-C02-ROY",9,453,"America/Chicago","AUTX"
3001,"Onion Creek Wildlife Sanctuary",633588,3341679,"14N","AUTX-C03-ONI",9,453,"America/Chicago","AUTX"
3002,"Blunn Creek Preserve",620500.625,3345254,"14N","AUTX-H02-BLU",9,453,"America/Chicago","AUTX"
3003,"Barton Creek Greenbelt",616846.4375,3347835.75,"14N","AUTX_BCG",9,453,"America/Chicago","AUTX"
3004,"Duncan Neighborhood Park",620099,3349726,"14N","AUTX_DNP",9,453,"America/Chicago","AUTX"
3005,"Comal Pocket Park",622298.5625,3348373,"14N","AUTX_CPP",9,453,"America/Chicago","AUTX"
3006,"Edward Rendon/Fiesta Gardens",622384.9375,3347151.25,"14N","AUTX_EW/FG",9,453,"America/Chicago","AUTX"
3007,"Commons Ford",606547.25,3356635.5,"14N","AUTX_CF",9,453,"America/Chicago","AUTX"
3008,"Tarrytown Neighborhood Park",619230,3352295,"14N","AUTX_TNP",9,453,"America/Chicago","AUTX"
3009,"Mary Frances Baylor Clarksville Park",618819.9375,3350654.5,"14N","AUTX_MFBCP",9,453,"America/Chicago","AUTX"
3010,"Bolm Road District Park",627680,3348046,"14N","AUTX_BRDP",9,453,"America/Chicago","AUTX"
3011,"Colorado River Wildlife Sanctuary",625593,3346873,"14N","AUTX_CRWS",9,453,"America/Chicago","AUTX"
3012,"Govalle Park",626113,3348365.25,"14N","AUTX_GVP",9,453,"America/Chicago","AUTX"
3013,"East Boggy Creek Greenbelt",626718,3348605,"14N","AUTX_EBCGB",9,453,"America/Chicago","AUTX"
3014,"West Bouldin Creek Greenbelt",619442.0625,3347851.5,"14N","AUTX_WBCG",9,453,"America/Chicago","AUTX"
3015,"Waller Creek Delta",621101,3348199,"14N","AUTX-WL1-DEL",9,453,"America/Chicago","AUTX"
3016,"Palm Park",621473.5,3348631.75,"14N","AUTX-WL2-PAL",9,453,"America/Chicago","AUTX"
3017,"UT Dell Medical Center",621683,33500054,"14N","AUTX-WL3-DEL",9,455,"America/Chicago","AUTX"
3018,"UT Alumni Center",621717.0625,3350889.25,"14N","AUTX-WL4-UTA",9,455,"America/Chicago","AUTX"
3019,"Hancock Golf Course",622515.125,3352692.25,"14N","AUTX-WL6-HAN",9,453,"America/Chicago","AUTX"
3020,"Shipe Park",622386.5625,3353556.25,"14N","AUTX-WL7-SHI",9,453,"America/Chicago","AUTX"
3021,"UT Wright Intramural Fields",622519.625,3354255,"14N","AUTX-WL8-WRI",9,455,"America/Chicago","AUTX"
3022,"Reilly School Park",623186.125,3355722.5,"14N","AUTX-WL9-REI",9,453,"America/Chicago","AUTX"
3023,"Highland Park & Reznicek Fields",623665.9375,3356621.5,"14N","AUTX-WL10-HIG",9,453,"America/Chicago","AUTX"
3030,"Parque Zaragoza",623982.9375,3348532.25,"14N","AUTX_PZ",9,453,"America/Chicago","AUTX"
3031,"Knollwood Neighborhood Park",628324.5,3348280.25,"14N","AUTX_KNP",9,453,"America/Chicago","AUTX"
3032,"Bauerle Ranch Park",611352.8125,3337749,"14N","AUTX_BRP",9,453,"America/Chicago","AUTX"
3033,"Southland Oaks Neighborhood Park",609272.3125,3337082.25,"14N","AUTX_SONP",9,453,"America/Chicago","AUTX"
3395,"Old San Antonio",614099,3333916,"14N","OSA",9,453,"America/Chicago","AUTX"
3475,"Austin Bergstrom Airport",628045,3338640,"14N","Berg",9,454,"America/Chicago","AUTX"
4334,"Plummers Cemetery",626044,3350278,"14N","AUTX_PLC",9,453,"America/Chicago","AUTX"
4335,"Bartholomew District Park",625894,3352958,"14N","AUTX_BDP",9,453,"America/Chicago","AUTX"
4336,"Reed Neighborhood Park",618144,3353183,"14N","AUTX_RNP",9,453,"America/Chicago","AUTX"
3775,"North Woods",325005.71875,4685648.5,"19N","ARB1",37,775,"US/Eastern","BOMA"
3776,"Peter Hills woods",324767.65625,4684409,"19N","ARB2",37,775,"US/Eastern","BOMA"
3777,"Allandale woods",323842.0625,4685018,"19N","ALN",37,774,"US/Eastern","BOMA"
3781,"Boston Nature Center",326852.1875,4684072.5,"19N","BNC",37,777,"US/Eastern","BOMA"
3782,"Bradley Estate",324575,4674400,"19N","BDL",37,776,"US/Eastern","BOMA"
3783,"Brattle campus",325175.46875,4693800,"19N","BRT",37,780,"US/Eastern","BOMA"
3784,"Brockton Audubon",328815.1875,4661648,"19N","BRA",37,784,"US/Eastern","BOMA"
3785,"Bird street Conservation Area south site",325540.71875,4661656.5,"19N","BRD1",37,779,"US/Eastern","BOMA"
3786,"Bird street Conservation Area bird st si",325458.53125,4663779,"19N","BRD2",37,779,"US/Eastern","BOMA"
3787,"Bridgewater State University commuter lo",337434.5625,4649794,"19N","BSU",37,781,"US/Eastern","BOMA"
3788,"Dane Park",321873.5625,4687261.5,"19N","DAN",37,782,"US/Eastern","BOMA"
3789,"Evergreen cemetery",321714.9375,4689764.5,"19N","EVR",37,774,"US/Eastern","BOMA"
3790,"Fairview cemetery",323406.96875,4679178.5,"19N","FVW",37,774,"US/Eastern","BOMA"
3791,"Gladeside",327909.78125,4682359.5,"19N","GLD",37,774,"US/Eastern","BOMA"
3792,"Great River Preserve",341064.875,4647573,"19N","GRT",37,784,"US/Eastern","BOMA"
3793,"Habitat",320270.75,4696978,"19N","HAB",37,777,"US/Eastern","BOMA"
3794,"Halls Pond & Amory Woods",326109.625,4690387.5,"19N","HAL",37,782,"US/Eastern","BOMA"
3795,"Mt Auburn cemetery",323676.625,4693170.5,"19N","MTA",37,785,"US/Eastern","BOMA"
3796,"Museum",323441.65625,4670245,"19N","MUS",37,777,"US/Eastern","BOMA"
3797,"Pakeen Farms",323492.4375,4673868,"19N","PKN",37,776,"US/Eastern","BOMA"
3798,"Sherrin Woods",324850.875,4681899,"19N","SRN",37,774,"US/Eastern","BOMA"
3799,"Stone Farms",328794.6875,4659703.5,"19N","STN",37,784,"US/Eastern","BOMA"
3800,"Striar conservancy",342958.3125,4648424.5,"19N","STR",37,784,"US/Eastern","BOMA"
3801,"Fresh Pond weir meadow",323210,4694200,"19N","FRPO2",37,783,"US/Eastern","BOMA"
3802,"Zoo New England",327491.53125,4685823.5,"19N","ZNE",37,786,"US/Eastern","BOMA"
3804,"Blacks Nook Fresh Pond",322865,4695270,"19N","FRPO1",37,783,"US/Eastern","BOMA"
3805,"Tuckerwood",338778.75,4651744,"19N","TKR",37,789,"US/Eastern","BOMA"
3889,"Bond Lake County Park",670234,4783330,"17N","BLCP",32,765,"US/Eastern","BUNY"
3890,"Como Lake Park",691645,4751190,"17N","CLP",32,764,"US/Eastern","BUNY"
3891,"Delaware Park",674035.3125,4755286,"17N","DP",32,767,"US/Eastern","BUNY"
3892,"Chestnut Ridge County Park",683695.25,4731879,"17N","CRCP-N",32,764,"US/Eastern","BUNY"
3893,"Chestnut Ridge County Park",684369.75,4730041.5,"17N","CRCP-S",32,764,"US/Eastern","BUNY"
3894,"Hillcrest Cemetery",680516.25,4735001.5,"17N","HCC",32,770,"US/Eastern","BUNY"
3896,"Hyde Park Golf Club Niagara Falls",661785.4375,4775232.5,"17N","HPGCN",32,838,"US/Eastern","BUNY"
3897,"Oppenheim County Park",670408.8125,4773911,"17N","OCP",32,765,"US/Eastern","BUNY"
3898,"Penn Dixie Fossil Park and Nature Reserv",677204,4738705,"17N","PDFP",32,769,"US/Eastern","BUNY"
3899,"Red Jacket Riverfront Park",675387.4375,4748028.5,"17N","RJRFP",32,764,"US/Eastern","BUNY"
3900,"Reinstein Woods Nature Preserve",686273.25,4750470.5,"17N","RWNP",32,768,"US/Eastern","BUNY"
3901,"Seneca Bluffs Natural Habitat Park",678374.3125,4748181,"17N","SBNHP",32,764,"US/Eastern","BUNY"
3903,"South Park",676949.9375,4744127,"17N","SPOPC",32,767,"US/Eastern","BUNY"
3904,"Tifft Nature Preserve",674816.3125,4746763.5,"17N","TNP",32,835,"US/Eastern","BUNY"
3905,"Veterans Memorial Park",670615.1875,4763954,"17N","VMP",32,766,"US/Eastern","BUNY"
3906,"Woodlawn Beach State Park",675560.125,4740096.5,"17N","WBSP",32,834,"US/Eastern","BUNY"
3907,"St. Martin's Church",665810.375,4766409.5,"17N","StMC",32,833,"US/Eastern","BUNY"
3908,"North Tonawanda Audubon",673224.6875,4769646,"17N","NTA",32,842,"US/Eastern","BUNY"
3914,"Sheridan Park Golf Course",6709937,4761384,"17T","SPGC",32,766,"US/Eastern","BUNY"
1862,"St. Boniface",444847,4646615,"16N","D03-STB1",1,257,"America/Chicago","CHIL"
1863,"St. Adalbert Cemetery",433486,4651062,"16N","D05-ADC1",1,257,"America/Chicago","CHIL"
1864,"All Saints Cemetery",425518,4656746,"16N","D07-ASC1",1,257,"America/Chicago","CHIL"
1865,"All Saints Cemetery",426640,4656804,"16N","D07-ASC2",1,257,"America/Chicago","CHIL"
1866,"Mt. Carmel",424431,4635651,"16N","R05-MTC1",1,257,"America/Chicago","CHIL"
1867,"Resurrection Cemetery",431534,4623607,"16N","S05-RES1",1,257,"America/Chicago","CHIL"
1868,"St. James Cemetery",422440,4616686,"16N","S07-STJ1",1,257,"America/Chicago","CHIL"
1869,"Schroeder Park",429577,4634101,"16N","R04-SCH1",1,258,"America/Chicago","CHIL"
1870,"Bloomingdale Trail",444456,4640484,"16N","D02-BMT1",1,259,"America/Chicago","CHIL"
1871,"Bloomingdale Trail",440869.21875,4640457.5,"16N","D02-BMT2",1,259,"America/Chicago","CHIL"
1872,"Humboldt Park",441984,4639557,"16N","D02-HUP1",1,259,"America/Chicago","CHIL"
1873,"Humboldt Park",442021,4639560,"16N","D02-HUP2",1,259,"America/Chicago","CHIL"
1874,"Jarvis BS",446955,4644300,"16N","D02-JBS1",1,259,"America/Chicago","CHIL"
1875,"Montrose Bird Sanctuary",447564,4645804,"16N","D02-MBS1",1,259,"America/Chicago","CHIL"
1876,"Montrose Bird Sanctuary",447546,4645939,"16N","D02-MBS2",1,259,"America/Chicago","CHIL"
1877,"Montrose Dunes",447542,4646060,"16N","D02-MDU1",1,259,"America/Chicago","CHIL"
1878,"Mozart Park",439938,4640991,"16N","D02-MOP1",1,259,"America/Chicago","CHIL"
1879,"Richard Clark Park",442530,4643467,"16N","D02-RCP1",1,259,"America/Chicago","CHIL"
1880,"Senior Citizen Memorial Park",443127,4641452,"16N","D02-SCP1",1,259,"America/Chicago","CHIL"
1881,"Athletic Field Park",440609,4644105,"16N","D03-AFP1",1,259,"America/Chicago","CHIL"
1882,"Ashmore Park",438005,4646551,"16N","D03-AMP1",1,259,"America/Chicago","CHIL"
1883,"Chopin Park",436807,4643667,"16N","D03-CHP1",1,259,"America/Chicago","CHIL"
1884,"Gompers Park",439467,4647289,"16N","D03-GOM1",1,259,"America/Chicago","CHIL"
1885,"Horner Park",442425,4645302,"16N","D03-HOR1",1,259,"America/Chicago","CHIL"
1886,"Mayfair Park",438554,4645949,"16N","D03-MFP1",1,259,"America/Chicago","CHIL"
1887,"Mayfair Park",438478,4645958,"16N","D03-MFP2",1,259,"America/Chicago","CHIL"
1888,"Dunham Park",435016,4646204,"16N","D04-DNP1",1,259,"America/Chicago","CHIL"
1889,"Forest Glen Park",437490,4647531,"16N","D04-FGP1",1,259,"America/Chicago","CHIL"
1890,"Rosedale Park",434928,4648923,"16N","D04-RDP1",1,259,"America/Chicago","CHIL"
1891,"Rosehill Cemetery",443025,4648618,"16N","D04-ROS1",1,259,"America/Chicago","CHIL"
1892,"Rosehill Cemetery",442901,4648645,"16N","D04-ROS2",1,259,"America/Chicago","CHIL"
1893,"Brooks Park",433167,4651141,"16N","D05-BRP1",1,259,"America/Chicago","CHIL"
1894,"Burnham Bird Sanctuary",449319,4633118,"16N","J01-BBS1",1,259,"America/Chicago","CHIL"
1895,"Clybourn Park",445913,4640354,"16N","J01-CLP1",1,259,"America/Chicago","CHIL"
1896,"Lake Meadows Park",449308,4631876,"16N","J01-LMP1",1,259,"America/Chicago","CHIL"
1897,"Northerly Island",449545,4634500,"16N","J01-NOR1",1,259,"America/Chicago","CHIL"
1898,"Seward Park",446999,4639027,"16N","J01-SEP1",1,259,"America/Chicago","CHIL"
1899,"Skinner Park",445154,4636654,"16N","J01-SKP1",1,259,"America/Chicago","CHIL"
1900,"31st st",449500,4632347,"16N","J01-TFS1",1,259,"America/Chicago","CHIL"
1901,"Altgeld Park",442607,4636103,"16N","R02-ALT1",1,259,"America/Chicago","CHIL"
1902,"Douglas Park golf course",441926,4634510,"16N","R02-DPG1",1,259,"America/Chicago","CHIL"
1903,"Franklin Park",439183,4634676,"16N","R02-FRP1",1,259,"America/Chicago","CHIL"
1904,"Garfield Park",440717,4637147,"16N","R02-GFP1",1,259,"America/Chicago","CHIL"
1905,"Austin Park",436203,4637589,"16N","R03-AUP1",1,259,"America/Chicago","CHIL"
1906,"Columbus Park golf course",435929,4636259,"16N","R03-CPG1",1,259,"America/Chicago","CHIL"
1907,"Burnham - 47th St NS",450739,4629074,"16N","S02-BNS1",1,259,"America/Chicago","CHIL"
1908,"Brighton Park",442042,4631036,"16N","S02-BRI1",1,259,"America/Chicago","CHIL"
1909,"Canal Port Riverwalk",444272,4632517,"16N","S02-CPR1",1,259,"America/Chicago","CHIL"
1910,"McKinley Park",443849,4630690,"16N","S02-MCP1",1,259,"America/Chicago","CHIL"
1911,"Piotrowski Park",439385,4631521,"16N","S02-PIP1",1,259,"America/Chicago","CHIL"
1912,"Palmisano Park",446141,4632666,"16N","S02-PLP1",1,259,"America/Chicago","CHIL"
1913,"39th st east",450172,4630663,"16N","S02-TNE1",1,259,"America/Chicago","CHIL"
1914,"39th st west",450118,4630397,"16N","S02-TNW1",1,259,"America/Chicago","CHIL"
1915,"Archer Park",439022,4628447,"16N","S03-ARP1",1,259,"America/Chicago","CHIL"
1916,"Jackson Park 1 (Wooded Island)",451553,4625766,"16N","S03-JKP1",1,259,"America/Chicago","CHIL"
1917,"Jackson Park 2 (Bobolink Meadow)",451796,4626151,"16N","S03-JKP2",1,259,"America/Chicago","CHIL"
1918,"LeClaire Park",437635,4629399,"16N","S03-LCP1",1,259,"America/Chicago","CHIL"
1919,"Pasteur Park",439199,4626503,"16N","S03-PSP1",1,259,"America/Chicago","CHIL"
1920,"Vittum Park",437876,4628109,"16N","S03-VIP1",1,259,"America/Chicago","CHIL"
1921,"Walnut Park",440288,4629118,"16N","S03-WAP1",1,259,"America/Chicago","CHIL"
1922,"Hale Park",435234,4625682,"16N","S04-HAP1",1,259,"America/Chicago","CHIL"
1923,"Stars and Stripes Park",433760,4627804,"16N","S04-SSP1",1,259,"America/Chicago","CHIL"
1924,"Valley Forge Park",433888,4626105,"16N","S04-VFP1",1,259,"America/Chicago","CHIL"
1925,"Wentworth Park",435111,4626634,"16N","S04-WEP1",1,259,"America/Chicago","CHIL"
1926,"Edgebrook Woods FP",436694,4648962,"16N","D04-EDW1",1,1,"America/Chicago","CHIL"
1927,"Edgebrook Woods",436637,4648897,"16N","D04-EDW2",1,1,"America/Chicago","CHIL"
1928,"Edgebrook Woods",436665,4649055,"16N","D04-EDW3",1,1,"America/Chicago","CHIL"
1929,"Edgebrook Volunteer Center",436420,4649014,"16N","D04-EVC1",1,1,"America/Chicago","CHIL"
1930,"Edgebrook Volunteer Center",436452,4649135,"16N","D04-EVC2",1,1,"America/Chicago","CHIL"
1931,"Miami Woods",434129,4652772,"16N","D05-MIA1",1,1,"America/Chicago","CHIL"
1932,"Beck Lake",426772,4658894,"16N","D07-BEC1",1,1,"America/Chicago","CHIL"
1933,"Beck Lake",426629,4659103,"16N","D07-BEC2",1,1,"America/Chicago","CHIL"
1934,"Northfield Oakwood Cemetery",427273,4660625,"16N","D07-NOC1",1,1,"America/Chicago","CHIL"
1935,"Dam no. 1 woods",426250,4663690,"16N","D08-DAW1",1,1,"America/Chicago","CHIL"
1936,"Dam no. 1 woods",425502,4665194,"16N","D08-DAW2",1,1,"America/Chicago","CHIL"
1937,"Dam No. 1 Woods",426125,4664126,"16N","D08-DAW3",1,1,"America/Chicago","CHIL"
1938,"Miller Meadow",431043,4633589,"16N","R04-MMW1",1,1,"America/Chicago","CHIL"
1939,"Millers Meadow",430931,4633766,"16N","R04-MMW2",1,1,"America/Chicago","CHIL"
1940,"Ottawa Woods",433244,4629563,"16N","S04-OTW1",1,1,"America/Chicago","CHIL"
1941,"Columbia Woods",425314,4619769,"16N","S06-CBW1",1,1,"America/Chicago","CHIL"
1942,"Columbia Woods",425770,4620051,"16N","S06-CBW2",1,1,"America/Chicago","CHIL"
1943,"Sagawau",422039,4616369,"16N","S07-SAG1",1,1,"America/Chicago","CHIL"
1944,"Salt Creek Greenway",420847,4635567,"16N","R06-SLT1",1,260,"America/Chicago","CHIL"
1945,"York Woods",422550,4634509,"16N","R06-YOW1",1,260,"America/Chicago","CHIL"
1946,"Glen Oak Forest Preserve",413527,4635414,"16N","R07-GOF1",1,260,"America/Chicago","CHIL"
1947,"Willowbrook",411883,4632753,"16N","R08-WBK1",1,260,"America/Chicago","CHIL"
1948,"Belleau Woods",404784,4635214,"16N","R09-BLW1",1,260,"America/Chicago","CHIL"
1949,"Lincoln Marsh",406346,4636101,"16N","R09-LIM1",1,260,"America/Chicago","CHIL"
1950,"Lincoln Marsh",406803,4636071,"16N","R09-LIM2",1,260,"America/Chicago","CHIL"
1951,"West Chicago Prairie",398919,4637762,"16N","R10-WCP1",1,260,"America/Chicago","CHIL"
1952,"West Chicago Prairie",397680,4638078,"16N","R10-WCP2",1,260,"America/Chicago","CHIL"
1953,"West Chicago Prairie CFP",397958,4638235,"16N","R10-WCP3",1,260,"America/Chicago","CHIL"
1954,"West DuPage Woods",401055,4635576,"16N","R10-WDW1",1,260,"America/Chicago","CHIL"
1955,"West DuPage Woods",400992,4635649,"16N","R10-WDW2",1,260,"America/Chicago","CHIL"
1956,"Waterfall Glen",421579,4617126,"16N","S07-WGL1",1,260,"America/Chicago","CHIL"
1957,"Waterfall Glen CFP",421471,4617014,"16N","S07-WGL2",1,260,"America/Chicago","CHIL"
1958,"Waterfall Glen",416857,4616262,"16N","S08-WGL1",1,260,"America/Chicago","CHIL"
1959,"Waterfall Glen",417471,4616052,"16N","S08-WGL2",1,260,"America/Chicago","CHIL"
1960,"Fermi",395087,4630453,"16N","R10-FRM1",1,261,"America/Chicago","CHIL"
1961,"Fermi",395829,4632027,"16N","R10-FRM2",1,261,"America/Chicago","CHIL"
1962,"Danby Park",410451,4636475,"16N","R08-DAP1",1,262,"America/Chicago","CHIL"
1963,"Panfish Park",412095,4634351,"16N","R08-PAP1",1,262,"America/Chicago","CHIL"
1964,"Kennicotts Grove",429421,4658994,"16N","D06-KCG1",1,263,"America/Chicago","CHIL"
1965,"Ryerson Woods",425325,4669890,"16N","D09-RYW1",1,264,"America/Chicago","CHIL"
1966,"Canoe Launch 1",422570,4676856,"16N","D10-CAN1",1,264,"America/Chicago","CHIL"
1967,"Canoe Launch 1",422493,4676831,"16N","D10-CAN2",1,264,"America/Chicago","CHIL"
1968,"MacArthur Woods",423491,4678479,"16N","D10-MAC1",1,264,"America/Chicago","CHIL"
1969,"Lewis University",410239,4605858,"16N","S10-LEW1",1,265,"America/Chicago","CHIL"
1970,"Four Seasons Park",415139,4633726,"16N","R07-FSP1",1,266,"America/Chicago","CHIL"
1971,"Madison Meadow",416773,4636279,"16N","R07-MMP1",1,266,"America/Chicago","CHIL"
1972,"Stevenson Park",427869,4637181,"16N","R05-STP1",1,267,"America/Chicago","CHIL"
1973,"Oakbrook Terrace Bike Path",418834,4633860,"16N","R06-OTB1",1,269,"America/Chicago","CHIL"
1974,"Euclid Square Park",434285,4635174,"16N","R03-EUC1",1,268,"America/Chicago","CHIL"
1975,"Maple Park",433295,4635416,"16N","R03-MAP1",1,268,"America/Chicago","CHIL"
1976,"Maryhill Cemetery",431095,4654039,"16N","D05-MHC1",1,270,"America/Chicago","CHIL"
1977,"Park Ridge Country Club",431129,4652505,"16N","D05-PRC1",1,270,"America/Chicago","CHIL"
1978,"Chevy Chase Country Club",423792,4667808,"16N","D08-CCC1",1,270,"America/Chicago","CHIL"
1979,"Crane''s Landing GC",424348,4670718,"16N","D09-CLG1",1,270,"America/Chicago","CHIL"
1980,"Crane''s Landing GC",424105,4671322,"16N","D09-CLG2",1,270,"America/Chicago","CHIL"
1981,"Fresh Meadow Golf",424224,4633329,"16N","R05-FMG1",1,270,"America/Chicago","CHIL"
1982,"Glen Oak Cemetery",426715,4634340,"16N","R05-GOC1",1,270,"America/Chicago","CHIL"
1983,"Village Links GC",411104,4633916,"16N","R08-VLG1",1,270,"America/Chicago","CHIL"
1984,"Cantigny Golf Course",404483,4634157,"16N","R09-CTG1",1,270,"America/Chicago","CHIL"
1985,"Cantigny Golf Course",404731,4634164,"16N","R09-CTG2",1,270,"America/Chicago","CHIL"
1986,"Cantigny Park and Golf Club",403529,4633792,"16N","R09-CTG3",1,270,"America/Chicago","CHIL"
1987,"St. Michael''s Cemetery",407666,4634032,"16N","R09-SMI1",1,270,"America/Chicago","CHIL"
1988,"Lithuanian National Cemetery",429760,4621558,"16N","S05-LNC1",1,270,"America/Chicago","CHIL"
1989,"Santa Fe Prairie",428795,4623564,"16N","S05-SFP1",1,270,"America/Chicago","CHIL"
1990,"Santa Fe Prairie",428691,4623408,"16N","S05-SFP2",1,270,"America/Chicago","CHIL"
1991,"St. Matthews Cemetery",415686,4612193,"16N","S09-SMC1",1,270,"America/Chicago","CHIL"
1992,"Lockport Cemetery",412640,4604963,"16N","S10-LPC1",1,270,"America/Chicago","CHIL"
1993,"University of Illinois Chicago",446383,4635431,"16N","J01-UIC1",1,271,"America/Chicago","CHIL"
1994,"Piper Lane",425355,4661968,"16N","D07-PLN1",1,272,"America/Chicago","CHIL"
1995,"Bordeaux",427092,4665606,"16N","D08-BOR1",1,272,"America/Chicago","CHIL"
1996,"Bond",421556,4670997,"16N","D09-BON1",1,272,"America/Chicago","CHIL"
1997,"Bond",421459,4671190,"16N","D09-BON2",1,272,"America/Chicago","CHIL"
1998,"Kempton",422642,4678827,"16N","D10-KEM1",1,272,"America/Chicago","CHIL"
1999,"Salt Creek Greenway",420606,4636302,"16N","R06-SLT2",1,272,"America/Chicago","CHIL"
2000,"York High Ridge",417861,4635347,"16N","R07-YHR1",1,272,"America/Chicago","CHIL"
2001,"Vernon Hills Athletic Complex",421816,4674934,"16N","D10-VHC1",1,273,"America/Chicago","CHIL"
2002,"Vernon Township Cemetery",423286,4672819,"16N","D09-VTC1",1,274,"America/Chicago","CHIL"
2003,"Isle a la Cache",410923,4610519,"16N","S09-ILC1",1,275,"America/Chicago","CHIL"
2004,"Keepataw Preserve",413952,4614568,"16N","S09-KTP1",1,275,"America/Chicago","CHIL"
2005,"Veterans Woods",411592,4613668,"16N","S09-VTW1",1,275,"America/Chicago","CHIL"
2006,"Veteran Woods CFP",411772,4613771,"16N","S09-VTW2",1,275,"America/Chicago","CHIL"
2007,"Isle a la Cache",410942,4610112,"16N","S10-ILC1",1,275,"America/Chicago","CHIL"
2008,"Lockport Prairie",410609,4604013,"16N","S10-LPP1",1,275,"America/Chicago","CHIL"
2009,"Lockport Prairie",410631,4604024,"16N","S10-LPP2",1,275,"America/Chicago","CHIL"
2010,"Millers Meadow",431311,4634958,"16N","R04-MMW3",1,1,"America/Chicago","CHIL"
2011,"Argonne",419270,4619021,"16N","S07-ARG1",1,261,"America/Chicago","CHIL"
2012,"Argonne",418417,4617933,"16N","S07-ARG2",1,261,"America/Chicago","CHIL"
2013,"Beaubien Woods",451106,4611550,"16N","C05-BEA1",1,1,"America/Chicago","CHIL"
2014,"Beaubien Woods",451554.90625,4610553,"16N","C06-BEA2",1,1,"America/Chicago","CHIL"
2015,"Eggers Woods",456196.6875,4615281,"16N","C05-EGG1",1,1,"America/Chicago","CHIL"
2016,"Eggers Woods",455874.8125,4614501,"16N","C05-EGG2",1,1,"America/Chicago","CHIL"
2017,"North Park Village",439667,4648473,"16N","D03-NPV1",1,259,"America/Chicago","CHIL"
2018,"Santa Fe Prairie",428494.1875,4623311,"16N","S05-SFP3",1,270,"America/Chicago","CHIL"
2365,"Marian Byrnes",452300,4618080,"16N","C04-MBP1",1,259,"America/Chicago","CHIL"
2366,"Hegewisch Marsh",452547.75,4611833.5,"16N","C06-HMP1",1,259,"America/Chicago","CHIL"
2367,"Big Marsh (Lone Tree)",452144.5,4616048.5,"16N","C05-BMP1",1,259,"America/Chicago","CHIL"
2368,"Big Marsh (Bike Park)",452990,4615039,"16N","C05-BMP2",1,259,"America/Chicago","CHIL"
3552,"Homan Rails Farm",440785.71875,4635454.5,"16N","R02-HRF1",1,696,"America/Chicago","CHIL"
3553,"Salt Creek Greenway 3",421046.21875,4635208.5,"16N","R06-SLT3",1,260,"America/Chicago","CHIL"
3555,"Waterfall Glen",420209.5,4617419,"16N","S08-WGL3",1,260,"America/Chicago","CHIL"
3556,"Waterfall Glen",421424.125,4616941.5,"16N","S07-WGL3",1,260,"America/Chicago","CHIL"
3557,"Sagawau",422514.8125,4615685,"16N","S07-SAG2",1,279,"America/Chicago","CHIL"
3625,"St. Adalbert Cemetery",434204,4650320,"16N","D05-ADC2",1,257,"America/Chicago","CHIL"
3639,"Indian Ridge Marsh",453218,4614240,"16N","C05-IRM1",1,259,"America/Chicago","CHIL"
3640,"SEPA Station",453089,4613080,"16N","C05-SPA1",1,259,"America/Chicago","CHIL"
723,"Sunken Gardens Park",500623,4397858.5,"13N","E01-SGP1",5,119,"America/Denver","DECO"
724,"Cheesman Park",502723.1875,4398292.5,"13N","E01-CHE1",5,119,"America/Denver","DECO"
725,"Congress Park",503844.3125,4397712.5,"13N","E01-CON1",5,119,"America/Denver","DECO"
726,"City Park West",503509.3125,4399546,"13N","E01-CPW1",5,119,"America/Denver","DECO"
727,"City Park East",505033.09375,4400095,"13N","E01-CPE1",5,119,"America/Denver","DECO"
728,"Lindsley Park",505849.1875,4398193.5,"13N","E02-LIN1",5,119,"America/Denver","DECO"
729,"Montclair Park",507820,4398297.5,"13N","E02-MON1",5,119,"America/Denver","DECO"
730,"Fred Thomas Park",508610.40625,4400258,"13N","E02-FTP1",5,119,"America/Denver","DECO"
731,"McNicols Park",508643.1875,4399343.5,"13N","E02-MCN1",5,119,"America/Denver","DECO"
732,"Verbena Park",509358.09375,4398323.5,"13N","E02-VER1",5,119,"America/Denver","DECO"
733,"Del Mar Park",513016.6875,4397034.5,"13N","E03-DMP1",5,118,"America/Denver","DECO"
734,"Spencer Garrett Park",512035.1875,4399295,"13N","E03-SPG1",5,118,"America/Denver","DECO"
735,"Generals Park",513183.59375,4399160.5,"13N","E03-GEN1",5,118,"America/Denver","DECO"
736,"Sand Creek Park",513674.3125,4400739.5,"13N","E03-SAC1",5,118,"America/Denver","DECO"
737,"Cottonwood Park",514858.59375,4400504,"13N","E03-CWP1",5,118,"America/Denver","DECO"
738,"Star K Northwest",516914,4400343,"13N","E04-SKW1",5,118,"America/Denver","DECO"
739,"Star K Southeast",517581,4399389,"13N","E04-SKE1",5,118,"America/Denver","DECO"
740,"Apache Mesa Park",517285.40625,4397476,"13N","E04-APM1",5,118,"America/Denver","DECO"
741,"Sand Creek Regional Parkway",519532.8125,4398372.5,"13N","E04-SCR1",5,118,"America/Denver","DECO"
742,"Terrace Park",519836.59375,4399828.5,"13N","E04-TER1",5,118,"America/Denver","DECO"
743,"Lincoln Park",499615.3125,4398529.5,"13N","W01-LIP1",5,119,"America/Denver","DECO"
744,"Gates Cresent Park",498605.1875,4399666.5,"13N","W01-GCP1",5,119,"America/Denver","DECO"
745,"Barnum Park",497651.6875,4397004,"13N","W01-BAR1",5,119,"America/Denver","DECO"
746,"Martinez Park",496467.6875,4397854.5,"13N","W01-MAR1",5,119,"America/Denver","DECO"
747,"Sloans Park",496547.1875,4399375,"13N","W01-SLP1",5,119,"America/Denver","DECO"
748,"Walker-Branch Park",494787.3125,4399278.5,"13N","W02-WBP1",5,121,"America/Denver","DECO"
749,"Morse Park",492542,4399562,"13N","W02-MOR1",5,121,"America/Denver","DECO"
750,"Crown Hill Park",491598.3125,4400782,"13N","W02-CHP1",5,120,"America/Denver","DECO"
751,"Holbrook Park",491638.59375,4397672,"13N","W02-HOL1",5,121,"America/Denver","DECO"
752,"Sunset Park",490143.90625,4398206.5,"13N","W02-SUN1",5,121,"America/Denver","DECO"
753,"Graham Park",489173.3125,4400210,"13N","W03-GRA1",5,121,"America/Denver","DECO"
754,"Chester-Portsmouth Park",488032.09375,4400699,"13N","W03-CPP1",5,121,"America/Denver","DECO"
755,"Daniels Park",487873.6875,4398571.5,"13N","W03-DAN1",5,121,"America/Denver","DECO"
756,"Welchester Tree Grant Park",487656.5,4397826,"13N","W03-WTP1",5,120,"America/Denver","DECO"
757,"Maple Grove Park",486000.09375,4401134,"13N","W03-MGP1",5,122,"America/Denver","DECO"
758,"Pleasand Valley at Camp George West",485224.1875,4398568.5,"13N","W04-PVP1",5,123,"America/Denver","DECO"
759,"South Table Mountain Park Easement",484251.5,4399304,"13N","W04-STM1",5,120,"America/Denver","DECO"
760,"Westblade Park",484105.3125,4397787,"13N","W04-WES1",5,123,"America/Denver","DECO"
761,"Apex Park",481212.8125,4396628,"13N","W04-APE1",5,120,"America/Denver","DECO"
762,"Windy Saddle Park",479254.1875,4400392.5,"13N","W04-WSP1",5,120,"America/Denver","DECO"
3191,"Garfield Park site 1 (WR1A)",573141,4398881,"16N","W01-GFP1",18,568,"US/Eastern","ININ"
3192,"Garfield Park site 2 (WR1A)",573077,4398711,"16N","W01-GFP2",18,568,"US/Eastern","ININ"
3193,"Holy Cross/St. Joseph Cemetery (WR1B)",571943,4398721,"16N","W01-HCC1",18,561,"US/Eastern","ININ"
3194,"White River Greenway (WR1C)",571077,4399137,"16N","W01-WRG1",18,568,"US/Eastern","ININ"
3195,"South Grove Golf Course (WR2A)",569066,4404908,"16N","W02-SGG1",18,568,"US/Eastern","ININ"
3196,"CEES Restoration site 1 (WR2B)",569459,4403326,"16N","W02-CRS1",18,570,"US/Eastern","ININ"
3197,"CEES Restoration site 2 (WR2B)",569486,4403281,"16N","W02-CRS2",18,570,"US/Eastern","ININ"
3198,"Marian University Ecolab (WR3A)",568033,4407893,"16N","W03-MEL1",18,571,"US/Eastern","ININ"
3199,"Riverside Golf Course (WR3B)",568621,4407057,"16N","W03-RGC1",18,568,"US/Eastern","ININ"
3200,"Crown Hill Cemetery (WR3C)",570114,4408907,"16N","W03-CHC1",18,563,"US/Eastern","ININ"
3201,"Washington Park North Cemetery (WR4B)",567902,4411984,"16N","W04-WPC1",18,560,"US/Eastern","ININ"
3202,"Juan Solomon Park (WR4C)",569515,4413192,"16N","W04-JSP1",18,568,"US/Eastern","ININ"
3203,"Indianapolis Humane Society (WR5B)",567079,4416839,"16N","W05-IHS1",18,565,"US/Eastern","ININ"
3204,"College Park Elementary School (WR5C)",567744,4418790,"16N","W05-CPE1",18,562,"US/Eastern","ININ"
3205,"University High School (WR6A)",567455,4422814,"16N","W06-UHS1",18,576,"US/Eastern","ININ"
3206,"Creekside Nature Park (WR6B)",563341,4422200,"16N","W06-CNP1",18,583,"US/Eastern","ININ"
3207,"Union Elementary School site 1 (WR7A)",564407,4428139,"16N","W07-UES1",18,582,"US/Eastern","ININ"
3208,"Union Elementary School site 2 (WR7A)",564425,4428136,"16N","W07-UES2",18,582,"US/Eastern","ININ"
3209,"Interactive Academy (WR7B)",563556,4426472,"16N","W07-INA1",18,569,"US/Eastern","ININ"
3210,"Wild's Apple Farm (WR7C)",565260,4429242,"16N","W07-WAF1",18,577,"US/Eastern","ININ"
3211,"Wolf Run Golf Course (WR8A)",561064,4432145,"16N","W08-WOG1",18,578,"US/Eastern","ININ"
3212,"Northside Trailer (WR8B)",564605,4432470,"16N","W08-NST1",18,573,"US/Eastern","ININ"
3213,"Pleasant Run Greenway (M1B)",573576,4399740,"16N","M01-PRG1",18,568,"US/Eastern","ININ"
3214,"Sandorf Park (M1C)",574662,4399454,"16N","M01-SAP1",18,568,"US/Eastern","ININ"
3215,"Big City Farms (M2A)",573600,4402892,"16N","M02-BCF1",18,559,"US/Eastern","ININ"
3216,"Spades-Brookside Park (M2B) site 1",574565,4404346,"16N","M02-SBP1",18,568,"US/Eastern","ININ"
3217,"Spades-Brookside Park (M2B) site 2",575379,4404373,"16N","M02-SBP2",18,568,"US/Eastern","ININ"
3218,"O'Bannon Park (M2C)",573614,4404607,"16N","M02-OBP1",18,568,"US/Eastern","ININ"
3219,"Indiana School for the Deaf (M3A)",573607,4409628,"16N","M03-ISD1",18,567,"US/Eastern","ININ"
3220,"George Washington Park (M3B)",575460,4407771,"16N","M03-GWP1",18,568,"US/Eastern","ININ"
3221,"Fall Creek & 30th Park (M3C) site 1",573357,4407150,"16N","M03-FCP1",18,568,"US/Eastern","ININ"
3222,"Meridian Hills Country Club (M4A)",571877,4414657,"16N","M04-MHG1",18,572,"US/Eastern","ININ"
3223,"Marott Park (M4B)",573493,4415513,"16N","M04-MAP1",18,568,"US/Eastern","ININ"
3224,"Bacon Swamp at American Village (M4C)",574558,4411930,"16N","M04-BAS1",18,557,"US/Eastern","ININ"
3225,"Shortee's Golf Course (M5A)",574223,4419770,"16N","M05-SGC1",18,575,"US/Eastern","ININ"
3226,"Dynamo FC (M5B) site 1 camera stolen",572781,4419168,"16N","M05-DFC1",18,564,"US/Eastern","ININ"
3227,"Dynamo FC (M5B) site 2 camera stolen",572759,4419169,"16N","M05-DFC2",18,564,"US/Eastern","ININ"
3228,"Woodland Gold Course (M6A)",574925,4422771,"16N","M06-WGC1",18,579,"US/Eastern","ININ"
3229,"Freedom Trail Park (M8A)",575037,4433621,"16N","M08-FTP1",18,580,"US/Eastern","ININ"
3230,"Grand Park",573202,4434866,"16N","M08-WGP1",18,580,"US/Eastern","ININ"
3231,"Garfield Park site 3 (WR1A)",572931,4398737,"16N","W01-GFP3",18,568,"US/Eastern","ININ"
3232,"South Grove Golf Course site 2 (WR2A)",569233,4404948,"16N","W02-SGG2",18,568,"US/Eastern","ININ"
3233,"South Dynamo / Central (M5B)",572605,4418896,"16N","M05-SDC1",18,564,"US/Eastern","ININ"
3234,"Juan Solomon Park (WR4C)",569514,4413119,"16N","W04-JSP2",18,568,"US/Eastern","ININ"
3236,"George Washington Park (M3B)",575460,4407806,"16N","M03-GWP2",18,568,"US/Eastern","ININ"
3237,"Fall Creek Parkway (M3C) site 2",573350,4407164,"16N","M03-FCP2",18,568,"US/Eastern","ININ"
3239,"Friedman Park",571828,4412691,"16N","M04-FRP1",18,568,"US/Eastern","ININ"
3240,"Indiana School for the Blind",573073,4416415,"16N","M05-ISB2",18,566,"US/Eastern","ININ"
3241,"Monon Center",574111,4422649,"16N","M06-MCP1",18,560,"US/Eastern","ININ"
3242,"Pleasant Grove Church",572349,4422075,"16N","M06-PGC1",18,574,"US/Eastern","ININ"
3243,"Westfield Fire Dept.",574704,4429081,"16N","M07-WFD1",18,581,"US/Eastern","ININ"
3244,"Corral Court",573710,4429129,"16N","M07-CCT1",18,586,"US/Eastern","ININ"
3245,"Carmel Cemetery",574342,4427021,"16N","M07-CAC1",18,561,"US/Eastern","ININ"
3246,"Monon Trace",573280,4432509,"16N","M08-MMT2",18,580,"US/Eastern","ININ"
3247,"Edward Martin Park",570683,4404351,"16N","W02-EMP1",18,568,"US/Eastern","ININ"
3248,"Indy Zoo White River",570565,4402285,"16N","W02-IZO3",18,568,"US/Eastern","ININ"
3249,"Right of Way",567537,4414678,"16N","W04-ROW1",18,568,"US/Eastern","ININ"
3250,"Northside Trailer",564456,4432564,"16N","W08-NST3",18,573,"US/Eastern","ININ"
3251,"Rosston Cemetery",560980,4432945,"16N","W08-ROS2",18,583,"US/Eastern","ININ"
3258,"Corral Court -site 2",573708,4429132,"16N","M07-CCT2",18,586,"US/Eastern","ININ"
3259,"Westfield Fire Dept",574705,4429080,"16N","M07-WFD2",18,581,"US/Eastern","ININ"
3260,"University High School",564328,4428120,"16N","W07-UES3",18,576,"US/Eastern","ININ"
3262,"Northside Trailer Site 2",564604.625,4432470,"16N","W08-NST2",18,573,"US/Eastern","ININ"
3263,"Wolf Run Golf Course-site 2",560576,4431698,"16N","W08-WOG2",18,578,"US/Eastern","ININ"
3264,"Corral Court - site 3",573701,4429132,"16N","M07-CCT3",18,586,"US/Eastern","ININ"
3265,"Union Elementary School - site 4",564481,4428094,"16N","W07-UES4",18,582,"US/Eastern","ININ"
3346,"Creekside Nature Park site 2",563275,4422187,"16N","W06-CNP2",18,560,"US/Eastern","ININ"
3347,"University High School",567149,4422812,"16N","W06-UHS3",18,576,"US/Eastern","ININ"
3435,"Woodland Golf Course - site 2",574911,4422774,"16N","M06-WGC2",18,579,"US/Eastern","ININ"
3437,"Crown Hill Cemetery",570113.8125,4408907.5,"16N","W03-CHC2",18,563,"US/Eastern","ININ"
3438,"White River Greenway (WRG2) - site 2",571048,4398983,"16N","W01-WRG2",18,568,"US/Eastern","ININ"
3439,"Edward Martin Park",570689,4404344,"16N","W02-EMP2",18,568,"US/Eastern","ININ"
3514,"George Washington Park (M3B)",575438,4407596,"16N","M03-GWP3",18,568,"US/Eastern","ININ"
3515,"Marrot Park",573492.8125,4415512.5,"16N","M04-MAP3",18,568,"US/Eastern","ININ"
3661,"Marrot Park",573613.0625,4415160.5,"16N","M04-MAP4",18,568,"US/Eastern","ININ"
3670,"Corral Court",573702,4429133,"16N","M07-CCT4",18,586,"US/Eastern","ININ"
3770,"George Washington Park - site 4",575439,4407565,"16N","M03-GWP4",18,568,"US/Eastern","ININ"
3912,"Urban Wilderness Trail",570561,4402286,"16N","W02-UWT1",18,586,"US/Eastern","ININ"
3913,"Right of Way - site 2",567529,4414634,"16N","W04-ROW2",18,568,"US/Eastern","ININ"
4256,"White River South East",-1,1,"16N","S01-WRS1",18,1112,"US/Eastern","ININ"
4267,"Rosston Cemetery (WR8C)",560971.125,4432950,"16N","W08-ROS1",18,1118,"US/Eastern","ININ"
4269,"Indianapolis Baha'i Center site 1 (WR4A)",566327.3125,4413427.5,"16N","W04-BHC1",18,558,"US/Eastern","ININ"
4271,"Lions Park (WR6B)",567743.6875,4418790,"16N","W06-LSP1",18,583,"US/Eastern","ININ"
4273,"Lost Run Farms (WR6C)",564317.1875,4423534.5,"16N","W06-LRF1",18,1118,"US/Eastern","ININ"
4275,"Screaming Bridge (WR7C)",564093.6875,4425556,"16N","W07-SCB1",18,1118,"US/Eastern","ININ"
4276,"Indiana School for the Blind (M5C) site",573076.6875,4416416,"16N","M05-ISB1",18,566,"US/Eastern","ININ"
4277,"End of Monon start of Midland Trace Trai",573255.6875,4432495.5,"16N","M08-MMT1",18,580,"US/Eastern","ININ"
4278,"Near Indianapolis Zoo on White River sit",570112,4402412,"16N","W02-IZO1",18,1118,"US/Eastern","ININ"
4279,"Near Indianapolis Zoo on White River sit",570111.875,4402422,"16N","W02-IZO2",18,1118,"US/Eastern","ININ"
4280,"University High School (WR6A) - mistake",567487.5625,4422839.5,"16N","W06-UHS2",18,582,"US/Eastern","ININ"
4282,"Marrot Park - Site 5",573465,4415178,"16N","M04-MAP5",18,568,"US/Eastern","ININ"
4283,"Marian University EcoLab",568034,4407890,"16N","W03-MEL2",18,571,"US/Eastern","ININ"
3266,"Hawkeye Wildlife MGMT 1",612011,4628322,"15N","A01-WMA1",23,587,"US/Central","IOIO"
3267,"NW Coralville Reservoir 1",612565,4629282,"15N","A01-RES1",23,587,"US/Central","IOIO"
3268,"Hawkeye Wildlife MGMT 2",608540,4629689,"15N","A01-WMA2",23,587,"US/Central","IOIO"
3269,"Hawkeye Wildlife MGMT 3",610101,4629981,"15N","A01-WMA3",23,587,"US/Central","IOIO"
3270,"Hawkeye Wildlife MGMT 4",611380,4625714,"15N","A02-WMA4",23,587,"US/Central","IOIO"
3271,"NW Coralville Reservoir 2",613182,4627681,"15N","A02-RES2",23,587,"US/Central","IOIO"
3272,"Metz Property",615534,4625243,"15N","A02-MET1",23,588,"US/Central","IOIO"
3273,"Fuhrmeister Property",612396,4624039,"15N","A02-FUH1",23,589,"US/Central","IOIO"
3274,"Youth Sports Complex",616727,4619932,"15N","A03-YSC1",23,590,"US/Central","IOIO"
3275,"Joys Park",616241,4621507,"15N","A03-JOY1",23,591,"US/Central","IOIO"
3276,"Cornerstone Nature Area",617125,4622400,"15N","A03-CNA1",23,591,"US/Central","IOIO"
3277,"Peninsula Park Dog Park",619877,4614636,"15N","A04-PEN1",23,592,"US/Central","IOIO"
3278,"Waterworks Prairie",620599,4616179,"15N","A04-WAT1",23,592,"US/Central","IOIO"
3279,"Dovetail Recreation Area",620154,4618350,"15N","A04-DOV1",23,590,"US/Central","IOIO"
3280,"Auburn Hills Park",618356,4618895,"15N","A04-AUB1",23,590,"US/Central","IOIO"
3281,"Shimek Ravine",622405,4615318,"15N","A05-SHI1",23,593,"US/Central","IOIO"
3282,"Dr. Sander Backyard Ravine",621034,4613687,"15N","A05-SAN1",23,594,"US/Central","IOIO"
3283,"Creekside Park",624254,4612121,"15N","A05-CRE1",23,592,"US/Central","IOIO"
3284,"Benton Hill Park",620878,4611926,"15N","A05-BEN1",23,592,"US/Central","IOIO"
3285,"Sand Hill Prairie",622852,4609855,"15N","A06-SHP1",23,592,"US/Central","IOIO"
3286,"North Sycamore Greenway",624662,4609515,"15N","A06-SYC1",23,592,"US/Central","IOIO"
3287,"South Sycamore Greenway",624705,4608363,"15N","A06-SYC2",23,592,"US/Central","IOIO"
3288,"Terry Trueblood",622643,4608583,"15N","A06-TTB1",23,592,"US/Central","IOIO"
3289,"Cross Country Track",618090,4614056,"15N","A07-UIO1",23,595,"US/Central","IOIO"
3290,"Clear Creek Greenbelt West",615776,4615649,"15N","A07-CCG1",23,590,"US/Central","IOIO"
3291,"Coralville Bike Trail",616808,4616448,"15N","A07-CBT1",23,590,"US/Central","IOIO"
3292,"Clear Creek Greenbelt East",617030,4614821,"15N","A07-CCG2",23,590,"US/Central","IOIO"
3293,"Peterson Property",624376,4622462,"15N","A08-PET1",23,596,"US/Central","IOIO"
3294,"Turkey Creek Preserve Trail",623309,4622246,"15N","A08-TCP1",23,593,"US/Central","IOIO"
3295,"Coralville Reservoir - W of Linder Pt",621092,4620276,"15N","A08-RES3",23,587,"US/Central","IOIO"
3296,"Coralville Reservoir - E of Corps Office",622848,4620251,"15N","A08-RES4",23,587,"US/Central","IOIO"
3297,"Hunters Run Park",617238,4611949,"15N","A09-HRP1",23,592,"US/Central","IOIO"
3298,"Willow Creek Park",619339,4611081,"15N","A09-WCP1",23,592,"US/Central","IOIO"
3299,"Kennedy Property",617093,4610851,"15N","A09-KEN1",23,597,"US/Central","IOIO"
3300,"Tokuhisa Property",615887,4610735,"15N","A09-TOK1",23,598,"US/Central","IOIO"
3301,"Hickory Hill Park",623937,4614830,"15N","A10-HHP1",23,592,"US/Central","IOIO"
3302,"Harvest Preserve",625804,4614900,"15N","A10-HPR1",23,599,"US/Central","IOIO"
3303,"ACT Campus",625019,4615587,"15N","A10-ACT1",23,600,"US/Central","IOIO"
3304,"Gilbert Property",625978,4617522,"15N","A10-GIL1",23,601,"US/Central","IOIO"
3072,"Smith Park ",765269,3577275,"15N","SHP",11,458,"US/Central","JAMS"
3073,"Greenwood Cemetery",765247,3578315,"15N","GRC",11,458,"US/Central","JAMS"
3074,"Fondren Park",765625,3581740,"15N","FOP",11,458,"US/Central","JAMS"
3075,"Chastain Elementary ",767480,3583494,"15N","CHS",11,459,"US/Central","JAMS"
3076,"Parham Bridges Park ",768740,3584457,"15N","PAP",11,458,"US/Central","JAMS"
3077,"Friendship Park ",770750,3589889,"15N","FRP",11,460,"US/Central","JAMS"
3078,"Wolcott Park ",771265,3592740,"15N","WOP",11,460,"US/Central","JAMS"
3079,"Sunnybrook Childrens Home",769246,3592090,"15N","SUN",11,461,"US/Central","JAMS"
3080,"Natchez Trace Memorial Park Cemetary",770679,3593699,"15N","NAC",11,462,"US/Central","JAMS"
3081,"Liberty Park ",769601,3595017,"15N","LIP",11,463,"US/Central","JAMS"
3082,"Laurel Street Park ",767205,3579081,"15N","LAP",11,458,"US/Central","JAMS"
3086,"Galloway Elementary ",764403,3579981,"15N","GAS",11,459,"US/Central","JAMS"
3087,"LeFleurs Bluff State Park ",767803,3579828,"15N","LEN",11,464,"US/Central","JAMS"
3088,"MS Fake Park ",765200,3577200,"15N","MFP",11,465,"US/Central","JAMS"
3089,"MS Fake Cemetary",765200,35783700,"15N","MFC",11,466,"US/Central","JAMS"
3090,"MS Fake Natural Area",770700,3589800,"15N","MFN",11,467,"US/Central","JAMS"
3361,"Tougaloo Park",766977,3587751,"15N","TOP",11,458,"US/Central","JAMS"
3362,"North Park Mall",770337,3588530,"15N","NON",11,615,"US/Central","JAMS"
3363,"Moores Greenhouse",774593,3603383,"15N","MON",11,622,"US/Central","JAMS"
3364,"Twin Cedars",773727,3599559,"15N","TWR",11,620,"US/Central","JAMS"
3367,"Madison Crossing Elementary School ",775331,3601897,"15N","MAS",11,616,"US/Central","JAMS"
3368,"Old Towne Middle School",769237,3591967,"15N","OLS",11,616,"US/Central","JAMS"
3369,"Cross Creek Subdivision ",772604,3596727,"15N","CRN",11,618,"US/Central","JAMS"
3370,"Tougaloo College",766686,3588735,"15N","TON",11,614,"US/Central","JAMS"
3371,"Millsaps College",765563,3580100,"15N","MIP",11,623,"US/Central","JAMS"
3408,"Boyll Park",768082,3581219,"15N","BOP",11,458,"US/Central","JAMS"
3409,"Manhattan Park",767195,3585366,"15N","MAP",11,458,"US/Central","JAMS"
3411,"Natchez Trace Parkway East",770374,3591310,"15N","NTE",11,646,"US/Central","JAMS"
3412,"Madison Avenue Elementary School",772902,3594698,"15N","MAN",11,616,"US/Central","JAMS"
3413,"Green Oak Lane",773552,3598295,"15N","GRN",11,617,"US/Central","JAMS"
3414,"Montgomery Cemetary",770028,3596933,"15N","MOC",11,648,"US/Central","JAMS"
3415,"Parkway East",771652,3600382,"15N","PAN",11,619,"US/Central","JAMS"
3423,"Brighton Park",749782,3580024,"15N","BGP",11,649,"US/Central","JAMS"
3424,"Lakewood Memorial Park Cemetery ",755081,3580931,"15N","LAC1",11,650,"US/Central","JAMS"
3425,"Clinton Community Nature Center",752389,3581624,"15N","CLN",11,649,"US/Central","JAMS"
3426,"West Side Park",756153,3578085,"15N","WEP",11,458,"US/Central","JAMS"
3427,"Veteran Affairs Softball Fields",759165,3579167,"15N","VAP",11,458,"US/Central","JAMS"
3428,"Alta Woods Park",761760,3574611,"15N","ALP",11,458,"US/Central","JAMS"
3429,"Battlefield Park",763289,3575603,"15N","BAP",11,458,"US/Central","JAMS"
3430,"Pearl Municipal Golf Course",772641,3574770,"15N","PEG1",11,653,"US/Central","JAMS"
3431,"Pearl Municipal Golf Course",772538,3573833,"15N","PEG2",11,653,"US/Central","JAMS"
3432,"Bright Park",772518,3577009,"15N","BRP",11,653,"US/Central","JAMS"
3433,"Old Brandon Cemetery",218151,3574930,"16N","OLC",11,654,"US/Central","JAMS"
3434,"Shiloh Park",220051,3573423,"16N","SOP",11,653,"US/Central","JAMS"
3504,"Natchez Trace Parkway West",748315,3579978,"15N","NTW",11,646,"US/Central","JAMS"
4325,"Lakewood Cemetery",3581717,754601,"15","LAC2",11,650,"US/Central","JAMS"
4326,"Patrick Farms Golf Course",777685,3573398,"15","PAG",11,1125,"US/Central","JAMS"
4327,"Country Place",775603,3574793,"15","CON",11,1126,"US/Central","JAMS"
4328,"Legacy Subdivision ",220208,3574862,"16","LGN",11,1127,"US/Central","JAMS"
3406,"SCE01",408578,3740950,"11N","ED01",20,637,"US/Pacific","LBCA"
3407,"SCE02",409325,3741248,"11N","ED02",20,637,"US/Pacific","LBCA"
3416,"SCE03",410270,3741160,"11N","ED03",20,637,"US/Pacific","LBCA"
3417,"SCE04",411935,3741160,"11N","ED04",20,637,"US/Pacific","LBCA"
3418,"SCE05",413984,3741180,"11N","ED05",20,637,"US/Pacific","LBCA"
3419,"SCE06",419944,3741770,"11N","ED06",20,637,"US/Pacific","LBCA"
3420,"SCE07",421119,3741770,"11N","ED07",20,637,"US/Pacific","LBCA"
3421,"SCE08",422115,3741770,"11N","ED08",20,637,"US/Pacific","LBCA"
3443,"SalvA",417055,3741546,"11N","SA",20,638,"US/Pacific","LBCA"
3444,"Caltrans01",415198,3742101,"11N","CalT01",20,676,"US/Pacific","LBCA"
3445,"Caltrans02",418447,3740914,"11N","CalT02",20,676,"US/Pacific","LBCA"
3446,"Oakridge",425950,3741447,"11N","SemR01",20,639,"US/Pacific","LBCA"
3447,"El Modena",426611,3740122,"11N","SemR02",20,640,"US/Pacific","LBCA"
3448,"PWetzer01",427476,3739523,"11N","SemR03",20,641,"US/Pacific","LBCA"
3449,"PWetzer02",428072,3738984,"11N","SemR04",20,641,"US/Pacific","LBCA"
3450,"PCanyon01",429346,3738522,"11N","SemR05",20,640,"US/Pacific","LBCA"
3451,"PCanyon02",429576,3737230,"11N","SemR06",20,640,"US/Pacific","LBCA"
3452,"IRC01 CHP",431386,3736978,"11N","IRC01",20,642,"US/Pacific","LBCA"
3454,"IRC02 Lake",432833,3736665,"11N","IRC02",20,642,"US/Pacific","LBCA"
3455,"IRC03 Bridge",434888,3735863,"11N","IRC03",20,642,"US/Pacific","LBCA"
3456,"IRC04 Vista",436741,3734905,"11N","IRC04",20,642,"US/Pacific","LBCA"
3457,"IRC05 School",438127,3734171,"11N","IRC05",20,642,"US/Pacific","LBCA"
3458,"IRC06 Hill",439517,3732930,"11N","IRC06",20,642,"US/Pacific","LBCA"
3460,"IRC07 River",440010,3731237,"11N","IRC07",20,642,"US/Pacific","LBCA"
3521,"Allsopp South Park",562394,3846870,"15N","LRAR-ALS1",26,655,"US/Central","LRAR"
3522,"Burns Park",561500,3850540,"15N","LRAR-BUR1",26,656,"US/Central","LRAR"
3523,"Burns Park",563301,3849740,"15N","LRAR-BUR2",26,656,"US/Central","LRAR"
3524,"Burns Park",563292,3851420,"15N","LRAR-BUR3",26,656,"US/Central","LRAR"
3525,"Park on the River",555288,3853900,"15N","LRAR-COM1",26,695,"US/Central","LRAR"
3526,"Clinton Presidential Center & Park",568011,3845280,"15N","LRAR-CPL1",26,655,"US/Central","LRAR"
3527,"David D. Terry - Dam Site West Park",576276,3837130,"15N","LRAR-DDT1",26,659,"US/Central","LRAR"
3528,"David D. Terry - Dam Site East",578274,3836160,"15N","LRAR-DDT2",26,659,"US/Central","LRAR"
3529,"Cooks Landing Park",558918,3850700,"15N","LRAR-COO1",26,659,"US/Central","LRAR"
3530,"East End Park",569347,3844850,"15N","LRAR-EAS1",26,655,"US/Central","LRAR"
3531,"Emerald Park",564480,3848020,"15N","LRAR-EMR1",26,656,"US/Central","LRAR"
3532,"Knoop Park",563856,3846300,"15N","LRAR-KNO1",26,655,"US/Central","LRAR"
3533,"Maumelle Park",551488,3854720,"15N","LRAR-MAU1",26,659,"US/Central","LRAR"
3534,"Maumelle Park",551932,3854260,"15N","LRAR-MAU2",26,659,"US/Central","LRAR"
3535,"Murray Park",559357,3849790,"15N","LRAR-MUR1",26,655,"US/Central","LRAR"
3536,"Murray Park",561027,3849360,"15N","LRAR-MUR2",26,655,"US/Central","LRAR"
3537,"Ott Offroad Park",576550,3843810,"15N","LRAR-OTT1",26,656,"US/Central","LRAR"
3538,"Pinnacle Mountain State Park",548474,3856040,"15N","LRAR-PIN1",26,657,"US/Central","LRAR"
3539,"Pinnacle Mountain State Park",550183,3855810,"15N","LRAR-PIN2",26,657,"US/Central","LRAR"
3540,"Rebsamen Park & Golf Course",561991,3849020,"15N","LRAR-REB1",26,655,"US/Central","LRAR"
3541,"Richland Park",573406,3841920,"15N","LRAR-RIC1",26,655,"US/Central","LRAR"
3542,"River Front West & East Park",566987,3845490,"15N","LRAR-RIV1",26,655,"US/Central","LRAR"
3543,"Rose City Park",573107,3845830,"15N","LRAR-ROS1",26,656,"US/Central","LRAR"
3544,"Sherman Park",568509,3846460,"15N","LRAR-SHE1",26,656,"US/Central","LRAR"
3545,"Terry Mansion Park",567103,3844590,"15N","LRAR-TMP1",26,694,"US/Central","LRAR"
3546,"Two Rivers Country Side",553988,3852240,"15N","LRAR-TRP1",26,675,"US/Central","LRAR"
3547,"Two Rivers Park",555655,3852620,"15N","LRAR-TRP2",26,655,"US/Central","LRAR"
3548,"Two Rivers Park",556152,3851500,"15N","LRAR-TRP3",26,655,"US/Central","LRAR"
3549,"Willow Beach Use Area",578742,3840140,"15N","LRAR-WIL1",26,659,"US/Central","LRAR"
3550,"Conley Park",570150,3846960,"15N","LRAR-CON1",26,656,"US/Central","LRAR"
3554,"TEST",51232964,38955456,"15N","TEST",26,655,"US/Central","LRAR"
3476,"badger ridge trail bp1",89.4604034423828,43.0023994445801,"16N","MAWI-M01-BRT1",17,679,"US/Central","MAWI"
3477,"badger ridge trail bp2",89.4609985351562,43.0110015869141,"16N","MAWI-M01-BRT2",17,679,"US/Central","MAWI"
3478,"badger ridge trail bp3",89.4616012573242,43.0208015441895,"16N","MAWI-M01-BRT3",17,679,"US/Central","MAWI"
3479,"sw commuter bp4",89.4601974487305,43.0293006896973,"16N","MAWI-M01-SWC1",17,683,"US/Central","MAWI"
3480,"sw commuter bp5",89.4589004516602,43.038200378418,"16N","MAWI-M01-SWC2",17,683,"US/Central","MAWI"
3481,"sw commuter bp6",89.4533004760742,43.0453987121582,"16N","MAWI-M01-SWC3",17,683,"US/Central","MAWI"
3482,"sw commuter bp7",89.4437026977539,43.0507011413574,"16N","MAWI-M01-SWC4",17,683,"US/Central","MAWI"
3483,"sw commuter bp8",89.4347991943359,43.057201385498,"16N","MAWI-M01-SWC5",17,683,"US/Central","MAWI"
3484,"sw commuter bp9",89.4252014160156,43.0635986328125,"16N","MAWI-M01-SWC6",17,683,"US/Central","MAWI"
3485,"sw commuter bp10",89.4144973754883,43.0675010681152,"16N","MAWI-M01-SWC7",17,683,"US/Central","MAWI"
3486,"sw commuter bp11",89.4037017822266,43.07080078125,"16N","MAWI-M01-SWC8",17,681,"US/Central","MAWI"
3487,"sw commuter bp12",89.3911972045898,43.0666999816895,"16N","MAWI-M01-SWC9",17,683,"US/Central","MAWI"
3488,"capitol city trail bp14",89.3719024658203,43.0792999267578,"16N","MAWI-M01-CCT1",17,683,"US/Central","MAWI"
3489,"capitol city trail bp15",89.3648986816406,43.084300994873,"16N","MAWI-M01-CCT2",17,683,"US/Central","MAWI"
3490,"capitol city trail bp16",89.3545989990234,43.0904998779297,"16N","MAWI-M01-CCT3",17,683,"US/Central","MAWI"
3491,"capitol city trail bp17",89.3454971313477,43.0952987670898,"16N","MAWI-M01-CCT4",17,683,"US/Central","MAWI"
3492,"starkweather creek bp18",89.3412017822266,43.1036987304688,"16N","MAWI-M01-STC1",17,683,"US/Central","MAWI"
3493,"starkweather creek bp19",89.3391036987305,43.1110000610352,"16N","MAWI-M01-STC2",17,683,"US/Central","MAWI"
3494,"starkweather creek bp20",89.3330993652344,43.1180992126465,"16N","MAWI-M01-STC3",17,680,"US/Central","MAWI"
3495,"reindahl park21",89.3187026977539,43.122501373291,"16N","MAWI-M01-RDP1",17,683,"US/Central","MAWI"
3496,"portage rd south22",89.3155975341797,43.1310997009277,"16N","MAWI-M01-POR1",17,683,"US/Central","MAWI"
3497,"portage rd north23",89.3099975585938,43.1402015686035,"16N","MAWI-M01-POR2",17,683,"US/Central","MAWI"
3498,"uw health24",89.3031997680664,43.1534996032715,"16N","MAWI-M01-UWH1",17,683,"US/Central","MAWI"
3499,"american family25",89.2947998046875,43.1590003967285,"16N","MAWI-M01-AMF1",17,682,"US/Central","MAWI"
3500,"Dora Kelley Nature Park",315074,4300380,"18N","NCAP-VA-DOK1",27,684,"US/Eastern","NACA"
3590,"Dangerfield Island",323041,4299770,"18N","NCAP-VA-DAI1",27,701,"US/Eastern","NACA"
3591,"Fort Williams Park",318078,4297790,"18N","NCAP-VA-FTW1",27,684,"US/Eastern","NACA"
3592,"Lee District Park",316801,4293630,"18N","NCAP-VA-LEE1",27,684,"US/Eastern","NACA"
3593,"Bush Hill Park",315028,4296000,"18N","NCAP-VA-BSH1",27,703,"US/Eastern","NACA"
3594,"Barcroft Park",317612,4301900,"18N","NCAP-VA-BAR1",27,704,"US/Eastern","NACA"
3595,"McClean Central Park",310587,4312400,"18N","NCAP-VA-MCC1",27,703,"US/Eastern","NACA"
3596,"Turkey Run Park",313596,4315050,"18N","NCAP-VA-TKY1",27,701,"US/Eastern","NACA"
3597,"Lillian Carey Park",314206,4301260,"18N","NCAP-VA-LIC1",27,684,"US/Eastern","NACA"
3598,"Roundtree Park",309813,4302260,"18N","NCAP-VA-RTP1",27,703,"US/Eastern","NACA"
3599,"Providence Recreation Center",308092,4303630,"18N","NCAP-VA-PRC1",27,703,"US/Eastern","NACA"
3600,"Bluemont Park",315334,4304190,"18N","NCAP-VA-BLU1",27,704,"US/Eastern","NACA"
3601,"Northwest SVP",325946,4324128,"18N","NCAP-MD-NWP1",27,706,"US/Eastern","NACA"
3602,"Silgo Creek Golf Course",324229,4320270,"18N","NCAP-MD-SCG1",27,706,"US/Eastern","NACA"
3603,"Columbia Country Club Golf Course",319540,4318160,"18N","NCAP-MD-CCC1",27,707,"US/Eastern","NACA"
3604,"C&O Canal Sycamore Island",315319,4314130,"18N","NCAP-MD-SYC1",27,702,"US/Eastern","NACA"
3616,"Little Falls SVU 2",317379,4314292,"18N","NCAP-MD-LFP2",27,706,"US/Eastern","NACA"
3617,"Little Falls SVU Dalecarlia Reservoir ",316660,4313050,"18N","NCAP-MD-LFP1",27,706,"US/Eastern","NACA"
3618,"Army Navy Country Club",319293,4302490,"18N","NCAP-VA-ARM1",27,708,"US/Eastern","NACA"
3619,"Minor Hill Park",312921,4307960,"18N","NCAP-VA-MHP1",27,704,"US/Eastern","NACA"
3620,"Upton Hill Regional Park",314187,4304820,"18N","NCAP-VA-UPT1",27,709,"US/Eastern","NACA"
3621,"Jones Point Park",322663,4296080,"18N","NCAP-VA-JPP1",27,701,"US/Eastern","NACA"
3622,"Fort Slocum",325448,4314320,"18N","NCAP-DC-FSP1",27,700,"US/Eastern","NACA"
3623,"Normanstone Parkway",321346,4310093,"18N","NCAP-DC-NSP1",27,700,"US/Eastern","NACA"
3624,"Barnard Hill Park",329123,4311850,"18N","NCAP-DC-BHP1",27,700,"US/Eastern","NACA"
3638,"Mount Olivet Cemetery",328302,4308910,"18N","NCAP-DC-OLV1",27,715,"US/Eastern","NACA"
3662,"4-Mile Run",321405,4301098,"18N","NCAP-VA-FMR1",27,720,"US/Eastern","NACA"
3703,"Rock Creek Park: Boundary Bridge",322182.5,4317298,"18N","NCAP-DC-RCP1",27,700,"US/Eastern","NACA"
3704,"Rock Creek Park: Stables",322259.09375,4315028.5,"18N","NCAP-DC-RCP2",27,700,"US/Eastern","NACA"
3705,"Rock Creek Park: Piney Branch",322920.3125,4311752,"18N","NCAP-DC-RCP3",27,700,"US/Eastern","NACA"
3706,"Takoma - Piney Branch Park",325958.8125,4316876.5,"18N","NCAP-MD-TPB1",27,706,"US/Eastern","NACA"
3707,"Soapstone Valley",321252.90625,4312860,"18N","NCAP-DC-SOV1",27,700,"US/Eastern","NACA"
3708,"Congressional Cemetery",328563.5,4305493.5,"18N","NCAP-DC-CON1",27,733,"US/Eastern","NACA"
3709,"National Geographic Society",323299.6875,4308212.5,"18N","NCAP-DC-NAT1",27,732,"US/Eastern","NACA"
3710,"Fort Foote Park",323764,4293196,"18N","NCAP-MD-FFP1",27,699,"US/Eastern","NACA"
3711,"Bald Eagle Hill",325571,4298562,"18N","NCAP-DC-BEH1",27,699,"US/Eastern","NACA"
3712,"Shepherds Parkways",326022,4302122,"18N","NCAP-DC-SHE1",27,699,"US/Eastern","NACA"
3713,"Fort DuPont",331515,4304640,"18N","NCAP-DC-FDU1",27,699,"US/Eastern","NACA"
3714,"Fort Chaplin",331228,4306406,"18N","NCAP-DC-CHA1",27,699,"US/Eastern","NACA"
3715,"Kenilworth Aquatic Gardens",331609,4309240,"18N","NCAP-DC-KEN1",27,699,"US/Eastern","NACA"
3721,"Rollingcrest Pool",327943.5,4314725.5,"18N","NCAP-MD-RCP1",27,737,"US/Eastern","NACA"
3722,"Prince Georges Mall",329749.8125,4315367.5,"18N","NCAP-MD-PGM1",27,737,"US/Eastern","NACA"
3723,"Glenridge Community Park",336084.40625,4313513.5,"18N","NCAP-MD-GCP1",27,737,"US/Eastern","NACA"
3724,"Paint Branch SVP",332769,4317060,"18N","NCAP-MD-PBP1",27,706,"US/Eastern","NACA"
3725,"Indian Spring Terrace Park",326013,4320483,"18N","NCAP-MD-IST1",27,706,"US/Eastern","NACA"
3726,"Sligo Creek SVU1",324267,4322530,"18N","NCAP-MD-SLC1",27,706,"US/Eastern","NACA"
3727,"Capital View Homewood Park",321807,4321940,"18N","NCAP-MD-CVH1",27,706,"US/Eastern","NACA"
3728,"Rock Creek Park SVU2",320234,4319840,"18N","NCAP-MD-RCS2",27,706,"US/Eastern","NACA"
3729,"Arlington National Cemetery",319871,4305790,"18N","NACAP-VA-ANC1",27,738,"US/Eastern","NACA"
3730,"Marie Butler Levin Preserve",313956,4311080,"18N","NCAP-VA-MBL1",27,703,"US/Eastern","NACA"
3731,"Jefferson District Park",307538,4305400,"18N","NCAP-VA-JDP1",27,703,"US/Eastern","NACA"
3732,"Mason District Park",311373,4300380,"18N","NCAP-VA-MDP1",27,703,"US/Eastern","NACA"
3733,"Bren Mar Park",313297,4297608,"18N","NCAP-VA-BMP1",27,703,"US/Eastern","NACA"
3734,"Loftridge Park",317138,4296140,"18N","NCAP-VA-LOF1",27,703,"US/Eastern","NACA"
3735,"Potomac Overlook Park",317487,4309160,"18N","NCAP-VA-POT1",27,701,"US/Eastern","NACA"
3736,"Theodore Roosevelt Island",321219,4307130,"18N","NCAP-VA-TRI1",27,701,"US/Eastern","NACA"
3737,"Ladybird Johnson Park",321814,4305500,"18N","NCAP-VA-LBJ1",27,701,"US/Eastern","NACA"
3738,"Roach Run Cell Lot",322775,4303720,"18N","NCAP-VA-CPL1",27,701,"US/Eastern","NACA"
3739,"Mt Vernon Park",320627,4293514,"18N","NCAP-VA-MTV1",27,703,"US/Eastern","NACA"
3740,"Ben Brenman Park",316381,4297960,"18N","NCAP-VA-BBP1",27,684,"US/Eastern","NACA"
3741,"Glover Archibold Foundary Branch",319864,4308310,"18N","NCAP-DC-FBP1",27,700,"US/Eastern","NACA"
3742,"Fort Ward Park",317650,4300050,"18N","NCAP-VA-WAR1",27,701,"US/Eastern","NACA"
3743,"Monticello Park",320332,4300360,"18N","NCAP-VA-MON1",27,684,"US/Eastern","NACA"
3744,"Little Falls Park 3",317883,4315930,"18N","NCAP-MD-LFP3",27,706,"US/Eastern","NACA"
3747,"Cricket Grounds",327470,4298067,"18N","NCAP-MD-CRG1",27,737,"US/Eastern","NACA"
3748,"Suitland Parkway",332512,4300585,"18N","NCAP-MD-SLP1",27,737,"US/Eastern","NACA"
3749,"Berkshire Park",334980,4301312,"18N","NCAP-MD-BSP1",27,737,"US/Eastern","NACA"
3750,"Walker Mill Regional Park",337989,4304271,"18N","NCAP-MD-WMR1",27,737,"US/Eastern","NACA"
3751,"Millwood Rec Center",336990,4305572,"18N","NCAP-MD-MRC1",27,737,"US/Eastern","NACA"
3752,"National Arboretum",330235,4308528,"18N","NCAP-DC-ARB1",27,705,"US/Eastern","NACA"
3753,"Tucker Community Center",327799,4294674,"18N","NCAP-MD-TCC1",27,737,"US/Eastern","NACA"
3756,"Pope Branch Park",329562,4304980,"18N","NCAP-DC-PBP1",27,760,"US/Eastern","NACA"
3814,"Kentland Community Park",335454,4310111,"18N","NCAP-MD-KCP1",27,737,"US/Eastern","NACA"
3815,"Rock Creek Cemetery",325238,4312734,"18N","NCAP-DC-RCC1",27,793,"US/Eastern","NACA"
3816,"Henson Creek",332106,4297940,"18N","NCAP-MD-HCR1",27,737,"US/Eastern","NACA"
2253,"1-01",444392,3711039,"12N","1-01_AF14",12,346,"US/Mountain","PHAZ"
2254,"1-02",378100,3691144,"12N","1-02_EME",12,366,"US/Mountain","PHAZ"
2255,"1-03",372053,3685604,"12N","1-03_EMW",12,366,"US/Mountain","PHAZ"
2256,"1-04",355142,3730852,"12N","1-04_J9",12,372,"US/Mountain","PHAZ"
2257,"1-05",433344,3722966,"12N","1-05_MCS",12,366,"US/Mountain","PHAZ"
2258,"1-06",394089,3686284,"12N","1-06_T21",12,345,"US/Mountain","PHAZ"
2259,"1-07",443628,3701760,"12N","1-07_UMP",12,366,"US/Mountain","PHAZ"
2260,"1-08",402672,3734402,"12N","1-08_V9",12,365,"US/Mountain","PHAZ"
2261,"1-09",406975,3691758,"12N","1-09_W19",12,345,"US/Mountain","PHAZ"
2262,"1-10",360013,3715683,"12N","1-10_GOAT",12,366,"US/Mountain","PHAZ"
2263,"2-01",442407,3691131,"12N","2-01_AF19",12,378,"US/Mountain","PHAZ"
2264,"2-02",335110,3721828,"12N","2-02_E12",12,372,"US/Mountain","PHAZ"
2265,"2-03",372383,3692607,"12N","2-03_EMP",12,366,"US/Mountain","PHAZ"
2266,"2-04",353363,3701278,"12N","2-04_I17",12,365,"US/Mountain","PHAZ"
2267,"2-05",435635,3731850,"12N","2-05_MCN",12,366,"US/Mountain","PHAZ"
2268,"2-06",405716,3714385,"12N","2-06_PWP",12,345,"US/Mountain","PHAZ"
2269,"2-07",399544,3689467,"12N","2-07_SMW",12,345,"US/Mountain","PHAZ"
2270,"2-08",443298,3713505,"12N","2-08_TONTO",12,346,"US/Mountain","PHAZ"
2271,"2-09",399489,3718154,"12N","2-09_U13",12,345,"US/Mountain","PHAZ"
2272,"2-10",360941,3719482,"12N","2-10_WTM",12,366,"US/Mountain","PHAZ"
2273,"3-01",433332,3704768,"12N","3-01_AC16",12,367,"US/Mountain","PHAZ"
2274,"3-02",394615,3697330,"12N","3-02_AVE35",12,345,"US/Mountain","PHAZ"
2275,"3-03",412358,3702229,"12N","3-03_DBG",12,345,"US/Mountain","PHAZ"
2276,"3-04",375449,3698819,"12N","3-04_O17",12,365,"US/Mountain","PHAZ"
2277,"3-05",388598,3728322,"12N","3-05_R10",12,369,"US/Mountain","PHAZ"
2278,"3-06",390707,3731446,"12N","3-06_S9",12,345,"US/Mountain","PHAZ"
2279,"3-07",408253,3693271,"12N","3-07_SME",12,345,"US/Mountain","PHAZ"
2280,"3-08",407006,3694470,"12N","3-08_W18",12,372,"US/Mountain","PHAZ"
2281,"3-09",410764,3721496,"12N","3-09_X12",12,345,"US/Mountain","PHAZ"
2282,"3-10",414819,3726259,"12N","3-10_Y10",12,374,"US/Mountain","PHAZ"
2283,"4-01",427426,3688791,"12N","4-01_AB20",12,377,"US/Mountain","PHAZ"
2284,"4-02",439543,3693738,"12N","4-02_AE19",12,367,"US/Mountain","PHAZ"
2285,"4-03",386546,3717572,"12N","4-03_R13",12,373,"US/Mountain","PHAZ"
2286,"4-04",399965,3698523,"12N","4-04_RIO",12,345,"US/Mountain","PHAZ"
2287,"4-05",391306,3713041,"12N","4-05_S14",12,376,"US/Mountain","PHAZ"
2288,"4-06 ",402468,3704017,"12N","4-06_V16",12,372,"US/Mountain","PHAZ"
2289,"4-07",391854,3719280,"12N","4-07_ASUW",12,371,"US/Mountain","PHAZ"
2290,"4-08",419667,3690407,"12N","4-08_Z20",12,368,"US/Mountain","PHAZ"
2291,"4-09",425139,3701992,"12N","4-09_AA17",12,370,"US/Mountain","PHAZ"
2292,"4-10",434387,3694460,"12N","4-10_AC19",12,367,"US/Mountain","PHAZ"
2293,"5-01",437410,3694500,"12N","5-01_AD18",12,367,"US/Mountain","PHAZ"
2294,"5-02",427440,3697147,"12N","5-02_AB18",12,370,"US/Mountain","PHAZ"
2295,"5-03",388351,3712881,"12N","5-03_R14",12,367,"US/Mountain","PHAZ"
2296,"5-04",415226,3693424,"12N","5-04_Y19",12,375,"US/Mountain","PHAZ"
2297,"5-05",397286,3712786,"12N","5-05_T14",12,372,"US/Mountain","PHAZ"
2298,"5-06",392571,3703957,"12N","5-06_S16",12,345,"US/Mountain","PHAZ"
2299,"5-07",409201,3697086,"12N","5-07_TYARD",12,367,"US/Mountain","PHAZ"
2300,"5-08",413796,3698064,"12N","5-08_X18",12,371,"US/Mountain","PHAZ"
2301,"5-09",400471,3702126,"12N","5-09_U17",12,371,"US/Mountain","PHAZ"
2302,"5-10",404041,3700240,"12N","5-10_V17",12,345,"US/Mountain","PHAZ"
3846,"Tonto - Saguaro Lake",448452,3712564,"12N","01_T01",38,831,"US/Mountain","PHAZ2"
3847,"Tonto - Pebble Beach Recreation Area",447301,3712350,"12N","02_T02",38,831,"US/Mountain","PHAZ2"
3848,"Tonto - Sheep's Crossing Recreation Area",446122,3713017,"12N","03_T03",38,831,"US/Mountain","PHAZ2"
3849,"Tonto - Horse Hollow",445121,3712340,"12N","04_T04",38,831,"US/Mountain","PHAZ2"
3850,"Tonto - Foxtail Exit",444101,3712145,"12N","05_T05",38,831,"US/Mountain","PHAZ2"
3851,"Tonto - Goldfield Road Flood Basin",443576,3713165,"12N","06_T06",38,831,"US/Mountain","PHAZ2"
3852,"Tonto - Goldfield Fire Center",442481,3713232,"12N","07_T07",38,831,"US/Mountain","PHAZ2"
3853,"Tonto - Goldfield Recreation Site",441514,3712902,"12N","08_T08",38,831,"US/Mountain","PHAZ2"
3854,"Tonto - Coon Bluff Campground",440487,3712485,"12N","09_T09",38,831,"US/Mountain","PHAZ2"
3855,"Tonto - Phon D. Sutton East",439415,3712301,"12N","10_T10",38,831,"US/Mountain","PHAZ2"
3856,"Tonto - Phon D. Sutton West",438474,3711942,"12N","11_T11",38,831,"US/Mountain","PHAZ2"
3857,"Tonto - Beaver Tree",437708,3711240,"12N","12_T12",38,831,"US/Mountain","PHAZ2"
3858,"Tonto - Mesquite Flat in the Burn",437983,3710174,"12N","13_T13",38,831,"US/Mountain","PHAZ2"
3859,"Tonto - Compass Rock",437322,3709109,"12N","14_T14",38,831,"US/Mountain","PHAZ2"
3860,"Tonto - Granite Reef Recreation Area",436391,3708510,"12N","15_T15",38,831,"US/Mountain","PHAZ2"
3861,"Price Drain",418643,3700048,"12N","16_V01",38,826,"US/Mountain","PHAZ2"
3862,"Tempe Marketplace - 202/101 Highway",417158,3700026,"12N","17_V02",38,832,"US/Mountain","PHAZ2"
3863,"Tempe Marketplace - McClintock",415630,3699761,"12N","18_V03",38,832,"US/Mountain","PHAZ2"
3864,"Tempe Town Lake - Indian Bend Wash",414816,3700352,"12N","19_V04",38,829,"US/Mountain","PHAZ2"
3865,"Tempe Town Lake - ASU Parking Lot",414072,3699317,"12N","20_V05",38,824,"US/Mountain","PHAZ2"
3866,"Tempe Town Lake - Highway 202",411973,3699962,"12N","21_V06",38,828,"US/Mountain","PHAZ2"
3867,"Tempe Town Lake - South of Dam",410866,3699953,"12N","22_V07",38,828,"US/Mountain","PHAZ2"
3868,"Sky Harbor Airport - Highway 153",408749,3699478,"12N","23_N01",38,821,"US/Mountain","PHAZ2"
3869,"Sky Harbor Airport - Salt River Shore",407653,3699023,"12N","24_N02",38,821,"US/Mountain","PHAZ2"
3870,"Sky Harbor Airport - I10",406395,3698706,"12N","25_N03",38,821,"US/Mountain","PHAZ2"
3871,"I-10 Site",404961,3697966,"12N","26_V08",38,827,"US/Mountain","PHAZ2"
3872,"Rio Salado - 24th Street",403953,3697988,"12N","27_V09",38,827,"US/Mountain","PHAZ2"
3873,"Rio Salado - 16th Street",402752,3698014,"12N","28_V10",38,827,"US/Mountain","PHAZ2"
3874,"7th Street Site",401653,3698323,"12N","29_N04",38,827,"US/Mountain","PHAZ2"
3875,"S. 7th Street Site",400669,3698440,"12N","30_V11",38,827,"US/Mountain","PHAZ2"
3876,"Audubon Center",399647,3698349,"12N","31_V12",38,827,"US/Mountain","PHAZ2"
3877,"7th Avenue Site",398674,3697688,"12N","32_V13",38,827,"US/Mountain","PHAZ2"
3878,"S. 19th Avenue Site",397664,3697405,"12N","33_V14",38,827,"US/Mountain","PHAZ2"
3879,"19th Avenue Sand",396481,3697366,"12N","34_N05",38,827,"US/Mountain","PHAZ2"
3880,"35th Avenue East",395205,3697402,"12N","35_N06",38,827,"US/Mountain","PHAZ2"
3881,"35th Avenue West",393879,3697345,"12N","36_N07",38,827,"US/Mountain","PHAZ2"
3882,"43rd Avenue Cul-de-sac",392848,3697152,"12N","37_N08",38,827,"US/Mountain","PHAZ2"
3883,"51st Avenue Site",391648,3697107,"12N","38_N09",38,827,"US/Mountain","PHAZ2"
3884,"Open Desert Area",390481,3696341,"12N","39_N10",38,832,"US/Mountain","PHAZ2"
3885,"Highway 202 Site",389278,3696068,"12N","40_N11",38,827,"US/Mountain","PHAZ2"
3886,"75th Avenue Site",386201,3695305,"12N","41_V15",38,832,"US/Mountain","PHAZ2"
3887,"Tres Rios Hayfield Site",384341,3695195,"12N","42_V16",38,827,"US/Mountain","PHAZ2"
3888,"Tres Rios 91st Avenue Site",383007,3695192,"12N","43_V17",38,827,"US/Mountain","PHAZ2"
3091,"Power Line Soccer Field ",508351,5044880,"10N","POOR-W14-PSF",19,468,"US/Pacific","POOR"
3110,"Bethany Lake parl",509756,5044700,"10N","POOR-W13-BLP",19,468,"US/Pacific","POOR"
3111,"Tokola wetlands park",512023,5043070,"10N","POOR-W11-TWP",19,468,"US/Pacific","POOR"
3112,"Hansen Ridge Park",513429,5044000,"10N","POOR-W10-HRP",19,468,"US/Pacific","POOR"
3113,"Bluffs Park",515224,5043010,"10N","POOR-W09-TBP",19,468,"US/Pacific","POOR"
3114,"Hoyt arboretum ",521895,5040290,"10N","POOR-W04-WHA",19,470,"US/Pacific","POOR"
3115,"Council Crest Park",522740,5038290,"10N","POOR-W03-CCP",19,471,"US/Pacific","POOR"
3116,"Marquam Nature Park",523814,5037580,"10N","POOR-W02-MNP",19,471,"US/Pacific","POOR"
3117,"George Himes Park",524710,5035860,"10N","POOR-W01-GHP",19,471,"US/Pacific","POOR"
3360,"Beggars Tick Wildlife ",535122,5036140,"10N","POOR-E11-BTP",19,471,"US/Pacific","POOR"
3658,"Oak Bottom One",527332,5036830,"10N","POOR-E01-OB1",19,471,"US/Pacific","POOR"
3659,"Oak Bottom Two",526257,5035080,"10N","POOR-E02-OB2",19,471,"US/Pacific","POOR"
3660,"Tideman Johnson Park",529422,5034440,"10N","POOR-E04-TJP",19,471,"US/Pacific","POOR"
3663,"Errol Heights Park ",530168,5034540,"10N","POOR-E05-EHP",19,471,"US/Pacific","POOR"
3664,"Bell Avenue ",531750,5033620,"10N","POOR-E06-BEL",19,471,"US/Pacific","POOR"
3665,"West Lents Flood Plains",533172,5034800,"10N","POOR-E08-WFP",19,471,"US/Pacific","POOR"
3666,"128th Ave",536671,5036550,"10N","POOR-E12-128",19,471,"US/Pacific","POOR"
3667,"Powell Butte 1",538063,5036470,"10N","POOR-E13-PB1",19,471,"US/Pacific","POOR"
3668,"Powell Butte 2 ",539295,5036260,"10N","POOR-E14-PB2",19,471,"US/Pacific","POOR"
3669,"Powell Butte 3",539714,5036760,"10N","POOR-E15-PB3",19,471,"US/Pacific","POOR"
3809,"Johnson Creek Park",527967,5034170,"10N","POOR-E03-JCP",19,471,"US/Pacific","POOR"
3810,"Hogan Road",545772,5036610,"10N","POOR-E20-HOR",19,792,"US/Pacific","POOR"
3811,"Maple Park",545130,5037720,"10N","POOR-E19-MAP",19,792,"US/Pacific","POOR"
3812,"SW 7th Ave",543739,5038050,"10N","POOR-E18-SW7",19,792,"US/Pacific","POOR"
3813,"Jenne Butte Park",540665,5036450,"10N","POOR-E17-JBP",19,792,"US/Pacific","POOR"
3315,"Braddocks Bay Park",279853,4797980,"18N","RCNY-L01-BBP1",21,607,"US/Eastern","RONY"
3316,"Beatty Point Park",281752,4795670,"18N","RCNY-L02- BPP1",21,607,"US/Eastern","RONY"
3317,"Ontario Beach Park",288078,4793050,"18N","RCNY-L03-OBP1",21,608,"US/Eastern","RONY"
3318,"Durand Eastman Park West",291156,4789940,"18N","RCNY-L04-DEP1",21,609,"US/Eastern","RONY"
3319,"Durand Eastman Park East",292605,4789950,"18N","RCNY-L04-DEP2",21,609,"US/Eastern","RONY"
3320,"Turning Point Park North",287737,4791360,"18N","RCNY-C01-TPP1",21,609,"US/Eastern","RONY"
3321,"Turning Point Park South",287407,4789480,"18N","RCNY-C01-TPP2",21,609,"US/Eastern","RONY"
3322,"Seneca Park North",287219,4787820,"18N","RCNY-C01-SNP1",21,608,"US/Eastern","RONY"
3323,"Seneca Park South",287136,4786410,"18N","RCNY-C02-SNP2",21,608,"US/Eastern","RONY"
3324,"Maplewood Rose Park",286352,4784380,"18N","RCNY-C02-MWP1",21,609,"US/Eastern","RONY"
3325,"High Falls Terrace Park",287560,4782230,"18N","RCNY-S01-HFP1",21,609,"US/Eastern","RONY"
3326,"Brown Square Park",286710,4781930,"18N","RCNY-S01-BSP1",21,609,"US/Eastern","RONY"
3327,"Genesee Gateway Park",287868,4780640,"18N","RCNY-S01-GGP1",21,609,"US/Eastern","RONY"
3328,"Highland Park South",287829,4778330,"18N","RCNY-S01-HLP1",21,608,"US/Eastern","RONY"
3333,"Highland Park North",288160,4778870,"18N","RCNY-S01-HLP2",21,608,"US/Eastern","RONY"
3334,"Mount Hope Cemetery",287175,4779120,"18N","RCNY-S01-MHC1",21,609,"US/Eastern","RONY"
3335,"Genesee Valley Park North",285624,4777340,"18N","RCNY-S02-GVP1",21,608,"US/Eastern","RONY"
3336,"Genesee Valley Park South",283538,4776400,"18N","RCNY-S02-GVP2",21,608,"US/Eastern","RONY"
3337,"RIT West",281394,4773330,"18N","RCNY-S03-RIT1",21,610,"US/Eastern","RONY"
3340,"RIT East",282945,4774300,"18N","RCNY-S03-RIT2",21,610,"US/Eastern","RONY"
3341,"Brookdale Preserve",279432,4773030,"18N","RCNY-S03-BDP1",21,611,"US/Eastern","RONY"
3342,"Rachow Wildlife Management Area",279834,4796530,"18N","RCNY-L01-RWA1",21,607,"US/Eastern","RONY"
3343,"Badgerow Park",285455.78125,4792826,"18N","RCNY-L03-BRP1",21,607,"US/Eastern","RONY"
3344,"Greece Wild Space",286162,4793230,"18N","RCNY-L03-GWS1",21,607,"US/Eastern","RONY"
3345,"Durand Eastman Beach",290761,4791010,"18N","RCNY-L04-DEB1",21,609,"US/Eastern","RONY"
3513,"Ardenwood",544940.4375,4175981,"10S","ARD",29,690,"US/Pacific","SAFA"
3558,"Ardenwood 1",546496.1875,4176663.5,"10N","SFCA-O02-ARD1",29,690,"US/Pacific","SAFA"
3559,"Presidio 1",546566.5,4183467.25,"10N","SFCA-C01-PRE1",29,688,"US/Pacific","SAFA"
3560,"Presidio 2",547910.8125,4182856.75,"10N","SFCA-C01-PRE2",29,688,"US/Pacific","SAFA"
3561,"Sunset Boulevard 1",544424,4179538.25,"10N","SFCA-O01-SUN1",29,697,"US/Pacific","SAFA"
3562,"Brotherhood Way 1",545494.5,4174217.25,"10N","SFCA-O02-BRO1",29,698,"US/Pacific","SAFA"
3563,"Laguna Honda 1",547428.1875,4178564,"10N","SFCA-C02-LGH1",29,698,"US/Pacific","SAFA"
3564,"Lincoln Park 1",544118.375,4181829.75,"10N","SFCA-O01-LPK1",29,687,"US/Pacific","SAFA"
3565,"Lincoln Park 2",543034.125,4181107,"10N","SFCA-O01-LPK2",29,687,"US/Pacific","SAFA"
3566,"Golden Gate Park 3",546176.1875,4179971,"10N","SFCA-C01-GGP3",29,687,"US/Pacific","SAFA"
3567,"Pine Lake 1",545493.3125,4176836.75,"10N","SFCA-O02-PLK1",29,687,"US/Pacific","SAFA"
3568,"Lake Merced 2",543907.3125,4175077.5,"10N","SFCA-O02-LKM2",29,687,"US/Pacific","SAFA"
3569,"Alameny Farm 1",551090.125,4176415.25,"10N","SFCA-C03-ALA1",29,687,"US/Pacific","SAFA"
3570,"John McLaren Park 1",550823.5,4175070.25,"10N","SFCA-C03-JMP1",29,687,"US/Pacific","SAFA"
3571,"Interior Greenbelt 1",548229.125,4179310.75,"10N","SFCA-C02-IGB1",29,687,"US/Pacific","SAFA"
3572,"Douglas Playground 1",549415.875,4177987,"10N","SFCA-C02-DOU1",29,687,"US/Pacific","SAFA"
3573,"Mt Davidson 1",547919.125,4177046.25,"10N","SFCA-C02-MTD1",29,687,"US/Pacific","SAFA"
3574,"Golden Gate Park 4",547374,4180435.25,"10N","SFCA-C01-GGP4",29,687,"US/Pacific","SAFA"
3575,"Golden Gate Park 1",545021.125,4180532.75,"10N","SFCA-O01-GGP1",29,687,"US/Pacific","SAFA"
3576,"Buena Vista 1",549289.625,4180202.5,"10N","SFCA-C01-BVA1",29,687,"US/Pacific","SAFA"
3577,"Potrero Hill 1",553169.5,4178920.5,"10N","SFCA-D01-POT1",29,687,"US/Pacific","SAFA"
3578,"Pioneer Park 1",552307.625,4184220.25,"10N","SFCA-D01-PIO1",29,687,"US/Pacific","SAFA"
3579,"Russion Hill 1",550989.6875,4183978.25,"10N","SFCA-D01-RUS1",29,687,"US/Pacific","SAFA"
3580,"Bernal Hill 1",551879.6875,4177531,"10N","SFCA-C03-BER1",29,687,"US/Pacific","SAFA"
3581,"John McLaren Park 2",551988.875,4174561.5,"10N","SFCA-C03-JMP2",29,687,"US/Pacific","SAFA"
3582,"Bayview Hill 1",553743.1875,4174224.75,"10N","SFCA-C03-BVH1",29,687,"US/Pacific","SAFA"
3583,"West Sunset 1",544355.375,4177977.5,"10N","SFCA-O02-WSN1",29,687,"US/Pacific","SAFA"
3584,"Golden Gate Park 2",543634.8125,4180296,"10N","SFCA-001-GGP2",29,687,"US/Pacific","SAFA"
3585,"Glen Park 1",549201.3125,4176815,"10N","SFCA-C02-GLN1",29,687,"US/Pacific","SAFA"
3586,"John McLaren Park 3",550784.375,4174005.75,"10N","SFCA-C03-JMP3",29,687,"US/Pacific","SAFA"
3587,"Lake Merced 1",545095.625,4175765.25,"10N","SFCA-O02-LKM1",29,687,"US/Pacific","SAFA"
3588,"University of San Francisco 1",548133,4181419.75,"10N","SFCA-C01-USF1",29,692,"US/Pacific","SAFA"
4291,"Golden Gate Park 2",4305275,5146365,"10N","SFCA-O01-GGP2",29,687,"US/Pacific","SAFA"
2195,"Kirkwood Park",724581.875,4273464.5,"15N","KWP1",10,335,"America/Chicago","SLMO"
2205,"Memorial Plaza",743506.0625,4279316.5,"15N","MEP1",10,337,"America/Chicago","SLMO"
2206,"Lafayette Park",742281.25,4277750,"15N","LAF1",10,337,"America/Chicago","SLMO"
2207,"Tower Grove Park Site 1",739413.6875,4276587.5,"15N","TGP1",10,337,"America/Chicago","SLMO"
2208,"Clifton Heights Park",735852.9375,4277480,"15N","CHP1",10,337,"America/Chicago","SLMO"
2209,"Francis Park",734982.0625,4274364.5,"15N","FRP1",10,337,"America/Chicago","SLMO"
2210,"Resurrection Cemetery",732938.25,4272760,"15N","RRC1",10,332,"America/Chicago","SLMO"
2211,"Southwest Park",729242.8125,4272640.5,"15N","SWP1",10,343,"America/Chicago","SLMO"
2212,"Emmenegger Nature Park",723732.4375,4269653.5,"15N","EMG1",10,335,"America/Chicago","SLMO"
2213,"Simpson Park",720535.8125,4270277.5,"15N","SSP1",10,338,"America/Chicago","SLMO"
2214,"Buder South Park",718836,4268410,"15N","BDP1",10,338,"America/Chicago","SLMO"
2215,"World Bird Sanctuary",714678.9375,4268613,"15N","WBS1",10,341,"America/Chicago","SLMO"
2216,"Tyson Research Center Site2",712620.25,4267372.5,"15N","TRC2",10,339,"America/Chicago","SLMO"
2217,"West Tyson Park Site1",710385.125,4267355.5,"15N","WTP1",10,338,"America/Chicago","SLMO"
2218,"West Tyson Park Site3",710192.9375,4265229.5,"15N","WTP3",10,338,"America/Chicago","SLMO"
2219,"Route 66 State Park Site2",709174.25,4264537.5,"15N","RSP2",10,334,"America/Chicago","SLMO"
2363,"Arch Grounds",744864,4278500,"15N","ARH1",10,397,"America/Chicago","SLMO"
3092,"Powder Valley Conservation Nature Center",724102,4270884,"15N","PVC1",10,336,"America/Chicago","SLMO"
3093,"Unger Park",722917,4270234,"15N","UGP1",10,338,"America/Chicago","SLMO"
3094,"Meramec Landing Park",718829,4269472,"15N","MLP1",10,340,"America/Chicago","SLMO"
3095,"  Ohlendorf West Park",717294,4271033,"15N","OWP1",10,338,"America/Chicago","SLMO"
3096,"Tyson Research Center Site1",713613,4268150,"15N","TRC1",10,339,"America/Chicago","SLMO"
3097,"Tyson Research Center Site3",713293,4266041,"15N","TRC3",10,339,"America/Chicago","SLMO"
3098,"West Tyson Park Site2",711129,4265922,"15N","WTP2",10,338,"America/Chicago","SLMO"
3099,"Route 66 State Park",708456,4265285,"15N","RSP1",10,334,"America/Chicago","SLMO"
3100,"Lake Louie",742577.4375,4278951,"15N","LKL1",10,337,"America/Chicago","SLMO"
3101,"Benton Park",741768,4275710,"15N","BEN1",10,337,"America/Chicago","SLMO"
3102,"Tower Grove Bird Trail",737973.75,4276927.5,"15N","TGP2",10,337,"America/Chicago","SLMO"
3103,"Tilles Park",735918.9375,4276037.5,"15N","TLP1",10,337,"America/Chicago","SLMO"
3104,"River Des Peres",734212.125,4273480.5,"15N","RDP1",10,337,"America/Chicago","SLMO"
3105,"Blackburn Bird Sanctuary",731598,4273530,"15N","BBP1",10,343,"America/Chicago","SLMO"
3106,"Rayburn Park",727437.125,4271113,"15N","RBP1",10,333,"America/Chicago","SLMO"
3107,"Westborough Country Club",728027,4273220,"15N","WBC1",10,342,"America/Chicago","SLMO"
3108,"Shady Creek Nature Sanctuary",730018,4275399,"15N","SHC1",10,343,"America/Chicago","SLMO"
4257,"Simpson Park 2",720932,4270280,"15","SSP2",10,338,"America/Chicago","SLMO"
4329,"Harris Stowe State University 1",741588.9375,4279666,"15S","HSC1",10,1128,"America/Chicago","SLMO"
4330,"Peace Park",742894.3125,4283822.5,"15S","PCP1",10,337,"America/Chicago","SLMO"
4331,"Terry Park",740879.75,4277943.5,"15S","TRP1",10,337,"America/Chicago","SLMO"
2305,"Franklin Park 1",539350,5232700,"10N","G-FP1",13,382,"US/Pacific","TAWA"
2306,"Charlottes Blueberry Park 1",543422.4375,5226251,"10N","G-CBP1",13,382,"US/Pacific","TAWA"
2309,"Owens Beach",535487.875,5240075.5,"10N","P-OB",13,382,"US/Pacific","TAWA"
2310,"Rust Park",536875.3125,5238307,"10N","P-RP",13,382,"US/Pacific","TAWA"
2311,"Sewer Treatment Plant",538434.5625,5236995.5,"10N","P-STP",13,381,"US/Pacific","TAWA"
2316,"Dalco Passage Viewpoint",534489.5625,5240438.5,"10N","P-DPV",13,382,"US/Pacific","TAWA"
2317,"PDZA Main Playground",536408,5239290,"10N","P-PDP",13,382,"US/Pacific","TAWA"
2318,"Jane Clark Park",537440,5237040,"10N","P-JCP",13,382,"US/Pacific","TAWA"
2319,"Puget Creek Natural Area 1",538926.5,5236014,"10N","P-PCNA1",13,382,"US/Pacific","TAWA"
2320,"Puget Creek Natural Area 2",539001.125,5236057,"10N","P-PCNA2",13,382,"US/Pacific","TAWA"
2321,"Catherine Ursich Park",539988,5235632.5,"10N","P-CUP",13,382,"US/Pacific","TAWA"
2322,"Garfield Park",541039.4375,5235299.5,"10N","P-GP",13,382,"US/Pacific","TAWA"
2323,"Wright Park",541637.125,5234431,"10N","P-WP",13,382,"US/Pacific","TAWA"
2324,"McCormick Park",542039.25,542039.25,"10N","P-MCP",13,382,"US/Pacific","TAWA"
2325,"Gog-le-hi-te Wetlands 1",544647,5232890,"10N","P-GW1",13,385,"US/Pacific","TAWA"
2326,"McKinley Park 1",543869.5625,5231508,"10N","P-MKP1",13,382,"US/Pacific","TAWA"
2327,"McKinley Park 2",543544.5,5231450,"10N","P-MKP2",13,382,"US/Pacific","TAWA"
2328,"Lower Clear Creek",545843.5625,5231229.5,"10N","P-LCC",13,385,"US/Pacific","TAWA"
2329,"Upper Clear Creek Mitigation Site",546796.625,5230656.5,"10N","P-UCC",13,385,"US/Pacific","TAWA"
2330,"Swan Creek Park 1",545678.875,5230008,"10N","P-SCP1",13,382,"US/Pacific","TAWA"
2331,"Swan Creek Park 2",545624.375,5229907.5,"10N","P-SCP2",13,382,"US/Pacific","TAWA"
2332,"Chief Leschi High School",548323.4375,5228916.5,"10N","P-CLHS",13,380,"US/Pacific","TAWA"
2333,"Riverwalk Trail",552253.5625,5228004,"10N","P-RT",13,380,"US/Pacific","TAWA"
2334,"Clarks Creek Park",551505.375,5225549,"10N","P-CCP",13,380,"US/Pacific","TAWA"
2335,"Maplewood Spring",551258.3125,5224506.5,"10N","P-MS",13,380,"US/Pacific","TAWA"
2336,"Woodbine Cemetery",553029.125,5224204.5,"10N","P-WBC",13,380,"US/Pacific","TAWA"
2337,"Wildwood Park",554814.6875,5224622,"10N","P-WWP",13,380,"US/Pacific","TAWA"
2338,"Bradley Lake Park",554358.4375,5223381,"10N","P-BLP",13,380,"US/Pacific","TAWA"
2339,"Pierce College Puyallup",555415.375,5222948,"10N","P-PCP",13,380,"US/Pacific","TAWA"
2340,"Trek Entrance 1",554795,5196770,"10N","P-TE1",13,383,"US/Pacific","TAWA"
2341,"Red Wolf Service Road",555692.8125,5197156,"10N","P-RWSR",13,382,"US/Pacific","TAWA"
2342,"Ohop Loop Trail",555380.3125,5195714,"10N","P-OLT",13,382,"US/Pacific","TAWA"
2343,"Ohop Valley 1",550162,5190800,"10N","P-OV1",13,393,"US/Pacific","TAWA"
2344,"Fort Nisqually 1",535470.875,5239009.5,"10N","G-FN1",13,382,"US/Pacific","TAWA"
2345,"Fort Nisqually 2",535423.875,5239157,"10N","G-FN2",13,382,"US/Pacific","TAWA"
2346,"Salmon Beach",535535,5238409,"10N","G-SB",13,384,"US/Pacific","TAWA"
2347,"Vassault Park",536300.4375,5236384,"10N","G-VP",13,382,"US/Pacific","TAWA"
2348,"Kandle Park",537186,5235270,"10N","G-KP",13,382,"US/Pacific","TAWA"
2349,"Jefferson Park",538601.5625,5233888,"10N","G-JP",13,382,"US/Pacific","TAWA"
2350,"China Lake Park 1",537226,5232540,"10N","G-CLP1",13,382,"US/Pacific","TAWA"
2351,"China Lake Park 2",537044,5232574,"10N","G-CLP2",13,382,"US/Pacific","TAWA"
2352,"TCC Natural Area 1",536430,5232690,"10N","G-TCC1",13,382,"US/Pacific","TAWA"
2353,"Tacoma Nature Center 1",538484.4375,5231781.5,"10N","G-TNC1",13,382,"US/Pacific","TAWA"
2354,"Tacoma Nature Center 2",538575.5,5231997,"10N","G-TNC2",13,382,"US/Pacific","TAWA"
2355,"Allenmore Golf Course",540191.25,5232107.5,"10N","G-AGC",13,384,"US/Pacific","TAWA"
2356,"South Park",539315.375,5228726.5,"10N","G-SP",13,382,"US/Pacific","TAWA"
2357,"Wapato Park 1",541063.125,5226993.5,"10N","G-WP1",13,382,"US/Pacific","TAWA"
2358,"Wapato Park 2",541017.5,5227349.5,"10N","G-WP2",13,382,"US/Pacific","TAWA"
2359,"Oak Tree Park",539634.625,5226175.5,"10N","G-OTP",13,382,"US/Pacific","TAWA"
2361,"Wards Lake Park 1",539969.875,5225220,"10N","G-WLP1",13,382,"US/Pacific","TAWA"
2362,"Wards Lake Park 2",540043.0625,5225041.5,"10N","G-WLP2",13,382,"US/Pacific","TAWA"
2364,"China Lake Park 3",537040.125,5232645.5,"10N","G-CLP3",13,382,"US/Pacific","TAWA"
3238,"Colgate Park Trail",534152,5230260,"10N","B-CPT",13,584,"US/Pacific","TAWA"
3462,"Gog-le-hi-te Wetlands 2",544705.625,5232790,"10N","P-GW2",13,385,"US/Pacific","TAWA"
3463,"Gog-le-hi-te Wetlands 3",544474.875,5233047,"10N","P-GW3",13,385,"US/Pacific","TAWA"
3464,"McKinley Park 3",543620.8125,5231466,"10N","P-MKP3",13,382,"US/Pacific","TAWA"
3465,"University of Puget Sound 1",47.2643585205078,-122.483299255371,"10N","P-UPS1",13,677,"US/Pacific","TAWA"
3466,"Franklin Park 2",539320,5233000,"10N","P-FP2",13,382,"US/Pacific","TAWA"
3467,"UWT Giving Gardens",542368.0625,5232307,"10N","P-UWT",13,678,"US/Pacific","TAWA"
3468,"Trek Entrance 2",554854.75,519677.125,"10N","P-TE2",13,383,"US/Pacific","TAWA"
3469,"Ohop Valley 2",550048.5625,5190938,"10N","P-OV2",13,393,"US/Pacific","TAWA"
3470,"TCC Natural Area 2",536501.3125,5232713,"10N","G-TCC2",13,382,"US/Pacific","TAWA"
3471,"Irving Park",540642.0625,5231492.5,"10N","G-IP",13,382,"US/Pacific","TAWA"
3472,"South End Recreation Area",538535.9375,5227825.5,"10N","G-SERA",13,382,"US/Pacific","TAWA"
3473,"Wapato Hills Park 1",540171.6875,5228088.5,"10N","G-WHP1",13,382,"US/Pacific","TAWA"
3474,"Charlottes Blueberry Park 2",543422.4375,5226249,"10N","G-CBP2",13,382,"US/Pacific","TAWA"
3642,"Fox Island Nature Center",528564.6875,5233340,"10N","R-FINC",13,718,"US/Pacific","TAWA"
3643,"Fox Island Historical Society",528744.125,5232071.5,"10N","R-FIHS",13,717,"US/Pacific","TAWA"
3644,"Mowitch Dr",530234.0625,5231539,"10N","R-MD",13,384,"US/Pacific","TAWA"
3645,"12th Ave unmarked road",529955.0625,5231776.5,"10N","R-12A",13,384,"US/Pacific","TAWA"
3646,"1352 14th Ave",530698.875,5230795,"10N","R-14A1",13,384,"US/Pacific","TAWA"
3647,"Behind Cemetery",527601.3125,5233042,"10N","R-BC",13,716,"US/Pacific","TAWA"
3648,"730 10th Ct",529163.375,5233301.5,"10N","R-10C",13,384,"US/Pacific","TAWA"
3649,"1062 Paha View Dr",529225.8125,5230536,"10N","R-PVD",13,384,"US/Pacific","TAWA"
3650,"1173 14th Ave",530968.1875,5231558.5,"10N","R-14A2",13,384,"US/Pacific","TAWA"
3651,"1230 14th Ave",530358.125,5231256,"10N","R-14A3",13,384,"US/Pacific","TAWA"
3652,"991 Gway Dr",529096.75,5233467,"10N","R-GD",13,384,"US/Pacific","TAWA"
3653,"421 6th Ct",527659.25,5234559,"10N","R-6C",13,384,"US/Pacific","TAWA"
3654,"856 Kiowa Trail",528635.375,5231710,"10N","R-KT",13,384,"US/Pacific","TAWA"
3655,"855 Fox Ridge",528476.4375,5233599.5,"10N","R-FR",13,384,"US/Pacific","TAWA"
3656,"987 Lummi Dr",529035.9375,5231528.5,"10N","R-LD",13,384,"US/Pacific","TAWA"
3657,"135 Bella Bella Dr",525622.125,5235923.5,"10N","R-BBD",13,384,"US/Pacific","TAWA"
4251,"Titlow Park",533872.9375,5233322.5,"10N","B-TP",13,382,"US/Pacific","TAWA"
4333,"Kandle Park 2",537217,5235182,"10","G-KP2",13,382,"US/Pacific","TAWA"
4181,"Homer Lake 1",416128,4436390,"16N","UT1a-HL1",40,843,"US/Central","URIL"
4182,"Homer Lake 2",415234,4435680,"16N","UT2a-HL2",40,843,"US/Central","URIL"
4183,"Homer Lake 3",415254,4434370,"16N","UT3a-HL3",40,843,"US/Central","URIL"
4184,"Homer Lake 4",416311,4435050,"16N","UT4a-HL4",40,843,"US/Central","URIL"
4185,"Homer Lake 4",416236,4435010,"16N","UT4b-HL4",40,843,"US/Central","URIL"
4186,"Trelease Woods (TR3)",402941,4442830,"16N","UT5a-TW",40,843,"US/Central","URIL"
4187,"Philips Tract (PT4)",401904,4442750,"16N","UT6a-PT",40,1077,"US/Central","URIL"
4188,"Brownfield Woods (BR3)",400654,4444560,"16N","UT7a-BR",40,1077,"US/Central","URIL"
4189,"St Joseph Wetlands",410413,4440980,"16N","UT8a-WL",40,1078,"US/Central","URIL"
4190,"Collins Woods",411762,4443620,"16N","UT9a-CO",40,1077,"US/Central","URIL"
4191,"Opossum Heaven",397239,4438710,"16N","UT10a-MA",40,1079,"US/Central","URIL"
4192,"Pollinarium",396359,4438190,"16N","UT11a-PN",40,1080,"US/Central","URIL"
4193,"Pollinarium",396389,4438020,"16N","UT11b-PN",40,1080,"US/Central","URIL"
4194,"Cottonwood Grove",395784,4436760,"16N","UT12a-CW",40,1081,"US/Central","URIL"
4195,"Experimental Forest",396580,4436960,"16N","UT13a-EX",40,1081,"US/Central","URIL"
4196,"Experimental Forest",396828,4437110,"16N","UT13b-EX",40,1081,"US/Central","URIL"
4197,"First Farms",395260,4434670,"16N","UT14a-FF",40,1082,"US/Central","URIL"
4198,"Forest Patch",396419,4434380,"16N","UT15a-FP",40,1082,"US/Central","URIL"
4199,"Forest Patch",396443,4434140,"16N","UT15b-FP",40,1082,"US/Central","URIL"
4200,"Beaver Crops",395052,4437460,"16N","UT16a-BC",40,1082,"US/Central","URIL"
4201,"Swine Farm",395102,4435800,"16N","UT17a-SW",40,1082,"US/Central","URIL"
4202,"Swine Farm",394589,4436450,"16N","UT17b-SW",40,1082,"US/Central","URIL"
4203,"H2O Joe",410385,4439970,"16N","UT18a-WT",40,1083,"US/Central","URIL"
4204,"N Dalrymple",407102,4440940,"16N","UT19a-ND",40,1084,"US/Central","URIL"
4205,"Energy Farm",397827,4435720,"16N","UT20a-EF",40,1082,"US/Central","URIL"
4206,"Energy Farm",397695,4436510,"16N","UT20b-EF",40,1082,"US/Central","URIL"
4207,"Perkins Road Park",399044,4442140,"16N","UT21a-PR",40,1085,"US/Central","URIL"
4208,"Chief Shemauger Park",398021,4441810,"16N","UT22a-CS",40,1085,"US/Central","URIL"
4209,"Busey Woods",396646,4442390,"16N","UT23a-BU",40,1085,"US/Central","URIL"
4210,"M Berenbaum",399961,4442540,"16N","UT24a-MB",40,1086,"US/Central","URIL"
4211,"Hague House",396772,4439700,"16N","UT25a-HH",40,1087,"US/Central","URIL"
4212,"Jeri House",401985,4441790,"16N","UT26a-JH",40,1088,"US/Central","URIL"
4213,"R Barcus",408850,4441490,"16N","UT27a-RB",40,1089,"US/Central","URIL"
4214,"C Shipley 1",410372,4437220,"16N","UT28a-SH1",40,1090,"US/Central","URIL"
4215,"C Shipley 2",410490,4438650,"16N","UT29a-SH2",40,1090,"US/Central","URIL"
4216,"A Zahed",409091,4435940,"16N","UT30a-AZ",40,1091,"US/Central","URIL"
4217,"VetMed",395710,4438890,"16N","UT31a-VM",40,1092,"US/Central","URIL"
4218,"D Bane",409699,4432110,"16N","UT32a-DB",40,1093,"US/Central","URIL"
4219,"Chicken Run",396270,4435300,"16N","UT33a-CR",40,1082,"US/Central","URIL"
4222,"Homer Lake 2",415234,4435680,"16 N","UT2b-HL2",40,843,"US/Central","URIL"
4223,"A Zahed",409140,4436106,"16N","UT30b-AZ",40,1091,"US/Central","URIL"
4244,"Forest Patch",396420,4434383,"16N","UT15c-FP",40,1082,"US/Central","URIL"
4252,"Homer Lake 4",416236,4434965,"16N","UT4c-HL4",40,843,"US/Central","URIL"
4266,"Sylvester Woods",414000,4433884,"16N","UT34a-SY",40,843,"US/Central","URIL"
2224,"Alapocas SP",452317,4402630,"18N","ASP",14,347,"US/Eastern","WIDE"
2225,"Banning Park",444521,4390870,"18N","BNP",14,348,"US/Eastern","WIDE"
2226,"Fazzio Steel",446822,4394370,"18N","FZS",14,685,"US/Eastern","WIDE"
2227,"Barrets Run Greenway",441676,4388274,"18N","BRG",14,348,"US/Eastern","WIDE"
2228,"Becks Pond",439294,4386114,"18N","BKP",14,348,"US/Eastern","WIDE"
2229,"Canby Park 2",450205,4398584,"18N","CBP2",14,349,"US/Eastern","WIDE"
2230,"Chelsea Manor Park",449203,4394117,"18N","CMP",14,348,"US/Eastern","WIDE"
2231,"Coventry Woods Park",445493,4392220,"18N","CWP",14,348,"US/Eastern","WIDE"
2232,"DuPont Environmental Education Center",451961,4397116,"18N","DEC",14,350,"US/Eastern","WIDE"
2233,"Flint Woods",447373,4408269,"18N","FLW",14,352,"US/Eastern","WIDE"
2234,"Glasgow Park",437281,4384719,"18N","GLP",14,348,"US/Eastern","WIDE"
2235,"Jon Schoolar",450527,4407045,"18N","JSC",14,353,"US/Eastern","WIDE"
2236,"Katharine Maroney",449428,4409236,"18N","MAR",14,354,"US/Eastern","WIDE"
2237,"Leathermans Run",441411,4390470,"18N","LMR",14,348,"US/Eastern","WIDE"
2238,"Lewden Greene Park",444424,4390830,"18N","LGP",14,348,"US/Eastern","WIDE"
2239,"Matson Run Park",454875,4402181,"18N","MRP",14,349,"US/Eastern","WIDE"
2240,"Mt Lebanon Methodist Church",451487,4405590,"18N","LMC",14,355,"US/Eastern","WIDE"
2241,"Point Lookout Garden",448588,4408553,"18N","PLO",14,356,"US/Eastern","WIDE"
2242,"Riverview Cemetery",454440,4401128,"18N","RVC",14,357,"US/Eastern","WIDE"
2243,"Riverwalk/Powerlines",441041,4387554,"18N","RPL",14,348,"US/Eastern","WIDE"
2244,"Russell Peterson Wildlife Refuge",450749,4396988,"18N","RPW",14,350,"US/Eastern","WIDE"
2245,"Sellers Park",455678,4401247,"18N","SLP",14,349,"US/Eastern","WIDE"
2246,"Smalleys Pond",442144,4389215,"18N","SMP",14,348,"US/Eastern","WIDE"
2247,"Summit Bridge",436677,4382961,"18N","SBP",14,348,"US/Eastern","WIDE"
2248,"Sunset Lake 1",438143,4385717,"18N","SSL1",14,359,"US/Eastern","WIDE"
2249,"Sunset Lake 2",436555,4385695,"18N","SSL2",14,359,"US/Eastern","WIDE"
2250,"Wilmington-Brandywine Cemetery",452743,4400500,"18N","WBC",14,360,"US/Eastern","WIDE"
2251,"Winterthur",449340,4405925,"18N","WIN",14,361,"US/Eastern","WIDE"
3034,"Flint Woods 2",447459,4408233,"18N","FLW2",14,352,"US/Eastern","WIDE"
3035,"Smalleys Pond 2",442134,4389181,"18N","SMP2",14,348,"US/Eastern","WIDE"
3036,"Winterthur 2",448936,4405870,"18N","WIN2",14,361,"US/Eastern","WIDE"
3083,"Coventry Woods Park 5",445464,4392315,"18N","CWP5",14,348,"US/Eastern","WIDE"
3084,"Riverwalk/Powerlines 3",441076,4387500,"18N","RPL3",14,348,"US/Eastern","WIDE"
3085,"Becks Pond 2",439298,4386064,"18N","BKP2",14,348,"US/Eastern","WIDE"
3109,"Banning Park 3",449113,4396610,"18N","BNP3",14,348,"US/Eastern","WIDE"
3372,"Alapocas SP 2",451626,4402719,"18N","ASP2",14,347,"US/Eastern","WIDE"
3373,"Banning Park 4",449087,4396662,"18N","BNP4",14,348,"US/Eastern","WIDE"
3440,"Alapocas SP 3",452213,4402396,"18N","ASP3",14,347,"US/Eastern","WIDE"
3501,"Lewden Greene Park 2",444606,4390579,"18N","LGP2",14,348,"US/Eastern","WIDE"
3502,"Leathermans Run 2",441451,4390456,"18N","LMR2",14,348,"US/Eastern","WIDE"
3506,"Alapocas SP 4",452320,4402410,"18N","ASP4",14,347,"US/Eastern","WIDE"
3517,"Flint Woods 3",447318,4408897,"18N","FLW3",14,352,"US/Eastern","WIDE"
3518,"Glasgow Park 2",437335,4384905,"18N","GLP2",14,348,"US/Eastern","WIDE"
3519,"Jon Schoolar 2",450574,4407038,"18N","JSC2",14,353,"US/Eastern","WIDE"
3551,"Lewden Greene Park 3",444551,4390802,"18N","LGP3",14,348,"US/Eastern","WIDE"
3589,"Point Lookout Garden 2",448729,4408315,"18N","PLO2",14,356,"US/Eastern","WIDE"
3641,"Sunset Lake 3",437994,4386051,"18N","SSL3",14,359,"US/Eastern","WIDE"
3702,"Barrets Run Greenway 2",441873,4388205,"18N","BRG2",14,348,"US/Eastern","WIDE"
3757,"Brandywine Creek SP",450424,4405781,"18N","BCP",14,719,"US/Eastern","WIDE"
3808,"Alapocas SP 5",451468,4402599,"18N","ASP5",14,347,"US/Eastern","WIDE"
3817,"Becks Pond 3",439276,4386071,"18N","BKP3",14,348,"US/Eastern","WIDE"
3818,"Flint Woods 4",447932,4408896,"18N","FLW4",14,352,"US/Eastern","WIDE"
3819,"Riverwalk/Powerlines 8",440876,4387597,"18N","RPL8",14,348,"US/Eastern","WIDE"
3820,"Riverwalk/Powerlines 9",440880,4387581,"18N","RPL9",14,348,"US/Eastern","WIDE"
3821,"Winterthur 3",448965,4405879,"18N","WIN3",14,361,"US/Eastern","WIDE"
4332,"White Clay Creek 2",436555,4385700,"18","WCC2",14,359,"US/Eastern","WIDE"
