"City","Site","gentrifying","mean_19"
"ahga","ALIB",FALSE,38.3313287514318
"ahga","ARPT",TRUE,20.457233065442
"ahga","BARN",FALSE,37.6699140401146
"ahga","BBPK",FALSE,16.9566838783706
"ahga","BHVN",FALSE,34.5574663227286
"ahga","BZOO",FALSE,19.5283667621777
"ahga","CSHS",FALSE,18.3943136128662
"ahga","CVMD",FALSE,28.3255081591755
"ahga","DCKR",FALSE,19.8895248998283
"ahga","DUDP",FALSE,41.450643776824
"ahga","DXBH",FALSE,28.0913778287024
"ahga","FIRE",FALSE,30.0746697300402
"ahga","HALP",FALSE,48.359576295448
"ahga","LDFN",FALSE,1.64440639269406
"ahga","LDFS",FALSE,3.83056668574699
"ahga","MBRD",FALSE,32.487532244196
"ahga","NDA1",FALSE,10.7711015736767
"ahga","NOWR",FALSE,25.1736011477762
"ahga","RDIO",FALSE,5.29410080183276
"ahga","RHDR",FALSE,20.9253005151689
"ahga","SEPK",FALSE,12.8013698630137
"ahga","STPK",TRUE,31.0169296987088
"ahga","UGACF",FALSE,1.91462021701885
"ahga","UGDF",FALSE,3.40470723306544
"ahga","UGLH",TRUE,26.3471903669725
"ahga","UGRC",FALSE,22.1471514457486
"ahga","WARN",TRUE,44.0120481927711
"ahga","WSBS",FALSE,38.6220630372493
"baca","AB",TRUE,70.4843794783606
"baca","BT",FALSE,0.735395189003436
"baca","CB",FALSE,24.8009179575445
"baca","CR",FALSE,28.9552880481513
"baca","WP",FALSE,23.3942335141307
"baca","DK",FALSE,41.2465596330275
"baca","DY",TRUE,38.9899684723416
"baca","EN",FALSE,58.1148010306327
"baca","GT",FALSE,6.94274262811337
"baca","H18",FALSE,7.30733944954128
"baca","HBT",FALSE,0.487260234755225
"baca","HT",FALSE,3.3158498137002
"baca","MA",FALSE,72.0686891814539
"baca","MT",FALSE,4.06084959816303
"baca","MY",TRUE,71.890513040986
"baca","PER",FALSE,48.8592719977071
"baca","SFCA-001-GGP2",FALSE,41.5691778859926
"baca","SFCA-C01-BVA1",FALSE,70.9985677456316
"baca","SFCA-C01-GGP3",FALSE,49.4966982486362
"baca","SFCA-C01-GGP4",FALSE,51.0120343839542
"baca","SFCA-C01-PRE1",FALSE,16.4356775300172
"baca","SFCA-C01-PRE2",FALSE,39.6121455170438
"baca","SFCA-C01-USF1",FALSE,72.3831187410587
"baca","SFCA-C02-DOU1",FALSE,59.3689348262992
"baca","SFCA-C02-GLN1",FALSE,55.7649253731343
"baca","SFCA-C02-IGB1",FALSE,52.6002865329513
"baca","SFCA-C02-LGH1",FALSE,49.2484240687679
"baca","SFCA-C02-MTD1",FALSE,54.6220314735336
"baca","SFCA-C03-ALA1",TRUE,75.8087603778987
"baca","SFCA-C03-BER1",FALSE,77.9696796338673
"baca","SFCA-C03-BVH1",TRUE,54.5094447624499
"baca","SFCA-C03-JMP1",TRUE,50.8358166189112
"baca","SFCA-C03-JMP2",FALSE,57.3761441647597
"baca","SFCA-C03-JMP3",TRUE,49.6418338108883
"baca","SFCA-D01-PIO1",TRUE,59.938892061679
"baca","SFCA-D01-POT1",FALSE,81.1113018597997
"baca","SFCA-D01-RUS1",FALSE,74.963323782235
"baca","SFCA-O01-GGP1",FALSE,45.8466609343651
"baca","SFCA-O01-LPK1",FALSE,42.8185206422018
"baca","SFCA-O01-LPK2",FALSE,29.8284074605452
"baca","SFCA-O01-SUN1",FALSE,56.1637560835958
"baca","SFCA-O02-BRO1",FALSE,24.6908309455587
"baca","SFCA-O02-LKM1",FALSE,39.3262553802009
"baca","SFCA-O02-LKM2",FALSE,15.0550774526678
"baca","SFCA-O02-PLK1",FALSE,63.8209469153515
"baca","SFCA-O02-WSN1",TRUE,75.3196347031963
"boma","ALN",FALSE,39.5918075050129
"boma","ARB1",TRUE,45.0747422680412
"boma","ARB2",TRUE,55.1202060675444
"boma","BDL",FALSE,26.8822012037833
"boma","BNC",FALSE,41.5084454623533
"boma","BRA",FALSE,31.310818546079
"boma","BRD1",FALSE,9.20183223590037
"boma","BRD2",FALSE,16.1272570937231
"boma","BRT",FALSE,67.0071653768988
"boma","BSU",FALSE,24.6322266742988
"boma","DAN",FALSE,32.1344778254649
"boma","EVR",FALSE,50.8748568155785
"boma","FRPO1",TRUE,48.827121559633
"boma","FRPO2",FALSE,42.4480780263913
"boma","FVW",TRUE,59.4951400800457
"boma","GLD",TRUE,63.2332378223496
"boma","GRT",FALSE,1.81434720229555
"boma","HAB",FALSE,33.1473623853211
"boma","HAL",TRUE,71.3652248639358
"boma","MTA",FALSE,48.5762954480389
"boma","MUS",FALSE,30.8811228874248
"boma","PKN",FALSE,18.5022896393818
"boma","SRN",TRUE,57.5785857429144
"boma","STN",TRUE,24.0071694866648
"boma","STR",FALSE,5.37116652335913
"boma","TKR",FALSE,15.5743340017187
"boma","ZNE",FALSE,43.6986262163709
"chil","C04-MBP1",FALSE,51.1139421700544
"chil","C05-BMP1",FALSE,22.9560975609756
"chil","C05-BMP2",FALSE,20.5578192252511
"chil","C05-SPA1",TRUE,51.1687125321153
"chil","C06-HMP1",TRUE,32.9593589009731
"chil","D02-BMT1",FALSE,84.9257779046532
"chil","D02-HUP0",TRUE,64.7628481194373
"chil","D02-JBS1",FALSE,38.6256807108054
"chil","D02-MOP1",TRUE,77.7901977644024
"chil","D02-RCP1",TRUE,77.9496279336005
"chil","D02-SCP1",TRUE,81.1947308132875
"chil","D03-AFP1",FALSE,75.524505588994
"chil","D03-AMP1",TRUE,70.5522772844457
"chil","D03-CHP1",TRUE,72.3014916810098
"chil","D03-GOM1",TRUE,49.629937034917
"chil","D03-NPV1",FALSE,46.9246202350244
"chil","D03-STB1",TRUE,77.5617655488679
"chil","D04-DNP1",TRUE,59.5361445783133
"chil","D04-EDW0",FALSE,37.7009158557527
"chil","D04-RDP1",FALSE,61.0971706201772
"chil","D04-ROS0",FALSE,56.9974219421369
"chil","D05-ADC2",FALSE,38.6117647058824
"chil","D05-BRP1",FALSE,52.5875107419078
"chil","D05-MIA1",FALSE,56.1388888888889
"chil","D05-PRC1",FALSE,44.2442026910965
"chil","D06-KCG1",FALSE,37.0783528738919
"chil","D07-ASC0",FALSE,29.1373279816514
"chil","D07-NOC1",FALSE,27.820886981402
"chil","D08-CCC1",FALSE,35.6113499570077
"chil","D08-DAW0",TRUE,27.3598050458716
"chil","D08-DAW2",TRUE,27.3394285714286
"chil","D09-CLG0",FALSE,22.7099455431356
"chil","D09-RYW1",FALSE,8.67277411966791
"chil","D09-VTC1",FALSE,30.5406876790831
"chil","D10-CAN0",FALSE,34.7793063915162
"chil","D10-MAC1",FALSE,3.93190271816881
"chil","D10-VHC1",FALSE,48.3865329512894
"chil","J01-BBS1",TRUE,46.0575436587461
"chil","J01-LMP1",TRUE,49.4261966179421
"chil","J01-SEP1",TRUE,84.4032721010333
"chil","J01-SKP1",FALSE,85.5012882908674
"chil","J01-UIC1",TRUE,83.7898966704937
"chil","R02-DPG1",TRUE,65.9107604017217
"chil","R02-FRP1",TRUE,75.2898509174312
"chil","R02-HRF1",FALSE,71.5606190885641
"chil","R03-AUP1",FALSE,65.5636623748212
"chil","R03-CPG1",FALSE,61.547564469914
"chil","R03-EUC1",TRUE,64.8205789624534
"chil","R03-MAP1",TRUE,66.7890355912744
"chil","R04-MMW0",TRUE,43.1908440629471
"chil","R04-MMW3",TRUE,41.2631126397249
"chil","R04-SCH1",TRUE,64.8295128939828
"chil","R05-FMG1",FALSE,48.4395195882185
"chil","R05-GOC1",FALSE,50.708106559725
"chil","R05-STP1",TRUE,69.265674205554
"chil","R06-OTB1",FALSE,55.8
"chil","R06-SLT2",FALSE,43.5331040412726
"chil","R06-YOW1",FALSE,44.0732894360149
"chil","R07-FSP1",FALSE,57.8695153427015
"chil","R07-GOF1",FALSE,38.7912844036697
"chil","R07-MMP1",FALSE,39.3308528906697
"chil","R07-YHR1",FALSE,47.0111587982833
"chil","R08-DAP1",FALSE,37.8029217989115
"chil","R08-PAP1",FALSE,46.7853253081112
"chil","R08-VLG1",FALSE,43.2525684931507
"chil","R08-WBK1",FALSE,36.810221073787
"chil","R09-BLW1",FALSE,41.8574699484831
"chil","R09-CTG0",FALSE,16.5867010604758
"chil","R09-LIM0",FALSE,34.6618911174785
"chil","R09-SMI1",FALSE,30.9353361945637
"chil","R10-FRM1",FALSE,26.2066494697621
"chil","R10-FRM2",FALSE,13.7922152261019
"chil","R10-WCP0",FALSE,31.3709538814093
"chil","R10-WDW0",TRUE,30.6246764452114
"chil","S02-BNS1",TRUE,43.8401721664275
"chil","S02-BRI1",FALSE,80.8600114744693
"chil","S02-PIP1",TRUE,78.4667049368542
"chil","S02-PLP1",TRUE,85.2792096219931
"chil","S02-TNW1",TRUE,41.2755364806867
"chil","S03-JKP2",FALSE,31.7727793696275
"chil","S03-LCP1",TRUE,73.6822349570201
"chil","S03-PSP1",FALSE,73.6553899082569
"chil","S03-VIP1",TRUE,73.2836248924577
"chil","S03-WAP1",FALSE,85.3049685893775
"chil","S04-HAP1",FALSE,72.3770068807339
"chil","S04-OTW1",TRUE,41.3113342898135
"chil","S04-SSP1",FALSE,61.8942693409742
"chil","S05-LNC1",FALSE,47.3870598339536
"chil","S05-RES1",FALSE,55.276266819353
"chil","S05-SFP0",FALSE,46.7031518624642
"chil","S06-CBW0",FALSE,16.6979077099455
"chil","S07-ARG1",FALSE,15.0126002290951
"chil","S07-ARG2",FALSE,31.2074498567335
"chil","S07-STJ1",FALSE,17.7820733104238
"chil","S08-WGL1",FALSE,14.0420721236405
"chil","S08-WGL3",FALSE,3.41573676680973
"chil","S09-KTP1",FALSE,14.8220314735336
"chil","S09-SMC1",FALSE,40.3933486238532
"chil","S09-VTW0",FALSE,47.4335724533716
"chil","S10-ILC1",FALSE,21.0412844036697
"chil","S10-LEW1",FALSE,18.8373493975904
"chil","S10-LPC1",FALSE,44.1334289813486
"chil","S10-LPP0",TRUE,10.2753291356611
"deco","E01-CHE1",FALSE,50.6970217640321
"deco","E01-CON1",FALSE,42.1525472238122
"deco","E01-CPE1",TRUE,31.8559152105414
"deco","E01-CPW1",FALSE,45.1080538836343
"deco","E01-SGP1",FALSE,72.7887202977383
"deco","E02-FTP1",TRUE,52.612525021447
"deco","E02-LIN1",FALSE,50.3459552495697
"deco","E02-MCN1",TRUE,46.9982803095443
"deco","E02-MON1",TRUE,42.3255947262826
"deco","E02-VER1",TRUE,49.5795649685175
"deco","E03-CWP1",FALSE,46.3444921316166
"deco","E03-DMP1",TRUE,41.6004599022708
"deco","E03-GEN1",TRUE,55.1462507155123
"deco","E03-SAC1",FALSE,37.8913417431193
"deco","E03-SPG1",FALSE,55.7500717360115
"deco","E04-APM1",FALSE,47.6011461318052
"deco","E04-SCR1",FALSE,26.5270077164904
"deco","E04-SKE1",FALSE,30.0389350128829
"deco","E04-SKW1",FALSE,36.2766809728183
"deco","E04-TER1",FALSE,44.3953022056717
"deco","W01-BAR1",TRUE,57.6615031554791
"deco","W01-GCP1",TRUE,71.2785571142285
"deco","W01-LIP1",FALSE,75.2729621125143
"deco","W01-MAR1",TRUE,48.8831949613513
"deco","W01-SLP1",TRUE,41.0863453815261
"deco","W02-CHP1",FALSE,19.4050813588353
"deco","W02-HOL1",FALSE,35.3212851405622
"deco","W02-MOR1",TRUE,44.0973096737264
"deco","W02-SUN1",FALSE,55.3957617411226
"deco","W02-WBP1",TRUE,55.2023502436228
"deco","W03-CPP1",FALSE,37.6072862880092
"deco","W03-DAN1",FALSE,32.4291044776119
"deco","W03-GRA1",FALSE,32.8103843947217
"deco","W03-MGP1",FALSE,15.65081638499
"deco","W04-APE1",FALSE,11.7044673539519
"deco","W04-PVP1",TRUE,40.56156930126
"deco","W04-STM1",TRUE,17.8424677187948
"deco","W04-WES1",TRUE,49.7514978601997
"deco","W04-WSP1",FALSE,8.04274239816409
"hote","BELP",FALSE,70.4958464623317
"hote","CCEC1",TRUE,15.5022948938612
"hote","CHMP",FALSE,13.3716003435442
"hote","CULP",TRUE,70.786739380023
"hote","FHNA",FALSE,18.5609965635739
"hote","FONP",TRUE,69.5846242111302
"hote","GCGC",FALSE,28.7729482413497
"hote","GLWC",FALSE,72.627653471027
"hote","GWGC",TRUE,59.7903780068728
"hote","HANC",FALSE,37.9000572737686
"hote","HBSP",FALSE,41.3481375358166
"hote","HPGC",FALSE,58.3097623819067
"hote","HUNP",FALSE,52.8737446197991
"hote","LGRP",FALSE,32.0719610091743
"hote","MGP",FALSE,55.5824742268041
"hote","MOCC",FALSE,10.9269340974212
"hote","MPNA1",FALSE,45.8267468499427
"hote","MPNA2",FALSE,27.3283710277698
"hote","ROSP",FALSE,47.5601030337722
"hote","SCRNT",FALSE,34.516452074392
"hote","SOPC",FALSE,32.044921316166
"hote","SPTP",FALSE,71.7385452462772
"hote","UHBW",FALSE,58.7481353987378
"hote","UHSP",TRUE,73.4321305841924
"hote","WCJP",FALSE,38.8071182548794
"inin","M01-PRG1",TRUE,61.8090466647581
"inin","M02-BCF1",FALSE,73.5445686443107
"inin","M02-OBP1",TRUE,58.7602055381102
"inin","M02-SBP2",TRUE,52.2247706422018
"inin","M03-FCP1",TRUE,47.1999426276535
"inin","M03-GWP1",TRUE,35.9609979925437
"inin","M03-ISD1",FALSE,48.9710767468499
"inin","M04-BAS1",FALSE,47.2911899313501
"inin","M04-FRP1",FALSE,24.6021227768216
"inin","M04-MAP1",FALSE,19.1172928018354
"inin","M05-ISB2",FALSE,16.7738333810478
"inin","M05-SGC1",FALSE,32.7094188376754
"inin","M06-MCP1",FALSE,29.5841442472811
"inin","M06-PGC1",FALSE,35.2472071039817
"inin","M07-CAC1",FALSE,39.0735757228743
"inin","M07-CCT1",FALSE,25.9340785325308
"inin","M07-WFD1",FALSE,33.4228456913828
"inin","M08-FTP1",FALSE,27.6378223495702
"inin","M08-MMT2",FALSE,43.390131956397
"inin","M08-WGP1",FALSE,22.0146341463415
"inin","W01-GFP3",TRUE,54.886279003151
"inin","W01-HCC1",TRUE,53.7423981640849
"inin","W01-WRG1",FALSE,54.4759587864911
"inin","W02-CRS2",TRUE,54.0214961306965
"inin","W02-EMP1",TRUE,59.213608957795
"inin","W02-IZO3",TRUE,67.1248210707129
"inin","W03-CHC1",TRUE,17.7777777777778
"inin","W03-MEL1",FALSE,30.9985681557846
"inin","W03-RGC1",FALSE,27.7841169724771
"inin","W04-JSP1",TRUE,21.8613889682766
"inin","W04-ROW1",FALSE,39.3704551961065
"inin","W04-WPC1",TRUE,20.6417096959266
"inin","W05-CPE1",FALSE,42.3248498713183
"inin","W05-IHS1",FALSE,28.2351088201604
"inin","W06-CNP1",FALSE,20.3456683878371
"inin","W06-UHS1",FALSE,21.3654342218401
"inin","W07-INA1",FALSE,14.2647395535203
"inin","W07-UES2",FALSE,13.742480664566
"inin","W07-WAF1",FALSE,1.82430495844081
"inin","W08-NST3",FALSE,6.26502575844304
"inin","W08-ROS1",FALSE,3.48740698340011
"ioio","A01-RES1",FALSE,7.05183276059565
"ioio","A01-WMA1",FALSE,6.24985689753864
"ioio","A01-WMA2",FALSE,1.55020080321285
"ioio","A01-WMA3",FALSE,3.25528269560251
"ioio","A02-FUH1",FALSE,7.11766389922703
"ioio","A02-MET1",FALSE,16.0174835196331
"ioio","A02-RES2",FALSE,4.66179421037547
"ioio","A02-WMA4",FALSE,1.69501718213058
"ioio","A03-CNA1",FALSE,28.0687285223368
"ioio","A03-JOY1",FALSE,36.6829896907216
"ioio","A03-YSC1",FALSE,22.9931310818546
"ioio","A04-AUB1",FALSE,13.0340876539673
"ioio","A04-DOV1",FALSE,16.040757749713
"ioio","A04-PEN1",FALSE,37.0741907762819
"ioio","A04-WAT1",FALSE,17.1246418338109
"ioio","A05-BEN1",TRUE,54.5538681948424
"ioio","A05-CRE1",FALSE,44.5047345767575
"ioio","A05-SAN1",FALSE,45.6305531670966
"ioio","A05-SHI1",FALSE,18.9318637274549
"ioio","A06-SHP1",FALSE,26.5710601719198
"ioio","A06-SYC1",FALSE,25.3652248639358
"ioio","A06-SYC2",FALSE,6.32312535775615
"ioio","A06-TTB1",TRUE,7.4524899828277
"ioio","A07-CCG2",FALSE,47.6232837528604
"ioio","A07-UIO1",FALSE,29.863323782235
"ioio","A08-PET1",FALSE,1.56131805157593
"ioio","A08-RES3",FALSE,5.46634202234317
"ioio","A08-RES4",FALSE,6.62969332186873
"ioio","A08-TCP1",FALSE,1.30148741418764
"ioio","A09-HRP1",FALSE,27.2207233065442
"ioio","A09-KEN1",FALSE,10.0143266475645
"ioio","A09-TOK1",FALSE,5.44696100917431
"ioio","A09-WCP1",FALSE,41.6355300859599
"ioio","A10-ACT1",FALSE,20.4469914040115
"ioio","A10-GIL1",FALSE,2.48038935012883
"ioio","A10-HHP1",FALSE,13.6425300515169
"ioio","A10-HPR1",TRUE,6.49785407725322
"jams","ALP",FALSE,31.3494700658837
"jams","BAP",TRUE,52.7920962199313
"jams","BGP",FALSE,21.1440435280641
"jams","BOP",FALSE,29.4829561730163
"jams","BRP",FALSE,14.6989678899083
"jams","CHS",TRUE,44.4741676234214
"jams","CLN",FALSE,30.3455377574371
"jams","CON",FALSE,34.9662084765178
"jams","CRN",FALSE,27.8794835007174
"jams","FOP",TRUE,39.4285305889079
"jams","FRP",TRUE,43.2507881914589
"jams","GAS",TRUE,59.0636833046472
"jams","GRC",FALSE,63.3872633390706
"jams","GRN",FALSE,3.65682339449541
"jams","LAC1",FALSE,10.5092989985694
"jams","LAC2",FALSE,20.2960733734594
"jams","LAP",TRUE,21.8908673176335
"jams","LEN",TRUE,13.4040172166428
"jams","LGN",FALSE,19.0582329317269
"jams","LIP",FALSE,34.2309673726388
"jams","MAN",FALSE,33.012017167382
"jams","MAP",TRUE,36.93843069874
"jams","MAS",FALSE,7.77892325315006
"jams","MFP",TRUE,71.542037302726
"jams","MIP",FALSE,61.6403083071653
"jams","MOC",FALSE,26.3908309455587
"jams","MON",FALSE,9.27653471026965
"jams","NAC",FALSE,21.6554886787045
"jams","NON",FALSE,50.0154683471785
"jams","NTE",TRUE,34.580303464071
"jams","NTW",FALSE,4.94419004006869
"jams","OLC",FALSE,28.4309059633028
"jams","OLS",FALSE,37.5962090752441
"jams","PAG",FALSE,19.3600114744693
"jams","PAN",FALSE,22.520881006865
"jams","PAP",FALSE,47.480504587156
"jams","PEG1",FALSE,26.4948364888124
"jams","PEG2",FALSE,16.8028653295129
"jams","SOP",FALSE,19.0286697247706
"jams","TOP",FALSE,22.3519633132703
"jams","TWR",FALSE,8.75208034433285
"jams","VAP",FALSE,20.7346880366342
"jams","WEP",FALSE,22.1771970132108
"jams","WOP",FALSE,32.4703523345746
"lrar","LRAR-ALS1",FALSE,29.142037302726
"lrar","LRAR-BUR1",FALSE,5.74684633027523
"lrar","LRAR-BUR2",FALSE,12.4243119266055
"lrar","LRAR-BUR3",FALSE,17.9401831711505
"lrar","LRAR-COM1",FALSE,22.5848086807539
"lrar","LRAR-CON1",FALSE,34.8760045924225
"lrar","LRAR-COO1",FALSE,12.1565815887582
"lrar","LRAR-CPL1",TRUE,51.1637092157985
"lrar","LRAR-DDT1",FALSE,1.33447979363715
"lrar","LRAR-DDT2",FALSE,1.92560801144492
"lrar","LRAR-EAS1",TRUE,33.7609756097561
"lrar","LRAR-EMR1",FALSE,24.5484701172434
"lrar","LRAR-KNO1",FALSE,39.4593974175036
"lrar","LRAR-MAU2",FALSE,4.89756097560976
"lrar","LRAR-MUR1",FALSE,11.5506872852234
"lrar","LRAR-MUR2",FALSE,8.54073436603557
"lrar","LRAR-OTT1",FALSE,10.7782558806655
"lrar","LRAR-PIN1",FALSE,0.356446991404011
"lrar","LRAR-PIN2",FALSE,0.349170005724098
"lrar","LRAR-REB1",FALSE,8.00945017182131
"lrar","LRAR-RIC1",FALSE,31.9581301978778
"lrar","LRAR-RIV1",TRUE,66.1176975945017
"lrar","LRAR-ROS1",FALSE,19.8146873207114
"lrar","LRAR-SHE1",FALSE,60.2169568940908
"lrar","LRAR-TMP1",TRUE,72.8260619977038
"lrar","LRAR-TRP1",FALSE,4.1657600916118
"lrar","LRAR-TRP2",FALSE,1.9658438576349
"lrar","LRAR-TRP3",FALSE,3.23160606928142
"lrar","LRAR-WIL1",FALSE,0.912270642201835
"mawi","MAWI-M01-AMF1",FALSE,19.0496128477201
"mawi","MAWI-M01-BRT1",FALSE,18.2256776034237
"mawi","MAWI-M01-BRT2",FALSE,39.4666666666667
"mawi","MAWI-M01-BRT3",FALSE,38.5032904148784
"mawi","MAWI-M01-CCT2",FALSE,47.2083571837436
"mawi","MAWI-M01-CCT3",TRUE,46.7456995412844
"mawi","MAWI-M01-CCT4",TRUE,46.613662456946
"mawi","MAWI-M01-POR1",FALSE,35.9490846681922
"mawi","MAWI-M01-POR2",FALSE,25.8702005730659
"mawi","MAWI-M01-RDP1",FALSE,50.4539454806313
"mawi","MAWI-M01-STC1",TRUE,49.6328751431844
"mawi","MAWI-M01-STC3",FALSE,42.7813126970479
"mawi","MAWI-M01-SWC1",FALSE,38.9914015477214
"mawi","MAWI-M01-SWC2",FALSE,38.3072961373391
"mawi","MAWI-M01-SWC3",FALSE,28.820938215103
"mawi","MAWI-M01-SWC4",TRUE,25.3955223880597
"mawi","MAWI-M01-SWC5",TRUE,21.9545584452701
"mawi","MAWI-M01-SWC6",FALSE,30.7264420331239
"mawi","MAWI-M01-SWC7",FALSE,50.8078465063001
"mawi","MAWI-M01-SWC8",FALSE,61.4033228301346
"mawi","MAWI-M01-SWC9",FALSE,45.6583690987124
"mawi","MAWI-M01-UWH1",FALSE,13.516175207558
"mela","CalT01",TRUE,78.0811660474421
"mela","CalT02",FALSE,82.7419077628187
"mela","CalT03",TRUE,83.0160458452722
"mela","ED01",FALSE,72.1932893604818
"mela","ED03",FALSE,63.4921316165951
"mela","ED04",FALSE,59.848623853211
"mela","ED05",TRUE,66.6948424068768
"mela","ED06",FALSE,83.5164803668673
"mela","ED07",FALSE,76.3149155453765
"mela","ED08",FALSE,67.2249570692616
"mela","ELMOD",FALSE,34.1042084168337
"mela","H01-AST1",FALSE,23.6354256233878
"mela","H01-BEA2",FALSE,10.9378579610538
"mela","H01-BGC1",TRUE,21.8379231210557
"mela","H01-CCH1",FALSE,11.6091690544413
"mela","H01-DEB1",TRUE,33.5327798454051
"mela","H01-DVG",TRUE,25.6919553392499
"mela","H01-FIR1",FALSE,19.7178899082569
"mela","H01-FLN1",FALSE,2.88129290617849
"mela","H01-FRE1",FALSE,12.0544100801833
"mela","H01-GSC1",FALSE,16.0747930345418
"mela","H01-HFR1",FALSE,0.0899942495687177
"mela","H01-HNP1",TRUE,28.5475306879817
"mela","H01-LTC1",FALSE,1.7079392376039
"mela","H01-OCC1",FALSE,37.2099083619702
"mela","H01-OXY1",FALSE,53.167240390132
"mela","H01-RHR1",FALSE,4.12643348623853
"mela","H01-ROS1",FALSE,23.1252507881915
"mela","H01-SPS1",TRUE,31.4628146453089
"mela","H01-TMC1",FALSE,12.8153140235159
"mela","H01-WAV1",FALSE,3.12317387568032
"mela","H01-WTP1",FALSE,0.806285714285714
"mela","H01-WWD1",FALSE,6.5241912396221
"mela","IRC01",FALSE,4.71036061820263
"mela","IRC02",FALSE,2.98851894374282
"mela","IRC03",FALSE,1.25207676883414
"mela","IRC04",FALSE,1.87435456110155
"mela","IRC05",FALSE,3.40045832139788
"mela","IRC06",FALSE,2.17733142037303
"mela","IRC07",FALSE,2.3348623853211
"mela","OAK",FALSE,39.0022955523673
"mela","OCP02",FALSE,28.8567738231917
"mela","OCP03",FALSE,16.9518210496128
"mela","PW01",FALSE,38.7215697507877
"mela","SA",FALSE,89.2790497996565
"naca","NCAP-DC-ARB1",TRUE,14.9010610840264
"naca","NCAP-DC-BEH1",FALSE,44.3772558006302
"naca","NCAP-DC-BHP1",TRUE,43.8172443425952
"naca","NCAP-DC-CHA1",TRUE,48.7728571428571
"naca","NCAP-DC-CON1",TRUE,46.6703926626541
"naca","NCAP-DC-FBP1",FALSE,35.1342685370741
"naca","NCAP-DC-FDU1",FALSE,30.5193243630117
"naca","NCAP-DC-FSP1",TRUE,57.3776824034335
"naca","NCAP-DC-KEN1",TRUE,23.5987989705462
"naca","NCAP-DC-NAT1",FALSE,85.9756167527252
"naca","NCAP-DC-NSP1",FALSE,34.6093928980527
"naca","NCAP-DC-OLV1",TRUE,58.2483547925608
"naca","NCAP-DC-PBP1",FALSE,33.474678111588
"naca","NCAP-DC-RCC1",TRUE,53.8530168716042
"naca","NCAP-DC-RCP1",FALSE,16.8061837961638
"naca","NCAP-DC-RCP2",FALSE,11.0071674311927
"naca","NCAP-DC-RCP3",FALSE,33.1963365769891
"naca","NCAP-DC-SHE1",TRUE,51.0650616222413
"naca","NCAP-DC-SOV1",FALSE,29.7163323782235
"naca","NCAP-MD-BSP1",TRUE,37.8404011461318
"naca","NCAP-MD-CCC1",FALSE,27.1530085959885
"naca","NCAP-MD-CRG1",FALSE,28.7051245347839
"naca","NCAP-MD-CVH1",FALSE,28.0436280137773
"naca","NCAP-MD-FFP1",TRUE,7.76689576174112
"naca","NCAP-MD-GCP1",FALSE,34.4543633762518
"naca","NCAP-MD-HCR1",FALSE,25.0688073394495
"naca","NCAP-MD-IST1",FALSE,31.9799541809851
"naca","NCAP-MD-KCP1",TRUE,46.5304073436604
"naca","NCAP-MD-LFP1",FALSE,16.9051847608135
"naca","NCAP-MD-LFP2",FALSE,28.1702005730659
"naca","NCAP-MD-LFP3",FALSE,29.7229710352739
"naca","NCAP-MD-MRC1",TRUE,18.1157380815623
"naca","NCAP-MD-NWP1",FALSE,9.00659214674692
"naca","NCAP-MD-PBP1",TRUE,41.1417525773196
"naca","NCAP-MD-PGM1",TRUE,38.8830610490112
"naca","NCAP-MD-RCP1",TRUE,41.1714449541284
"naca","NCAP-MD-RCS2",FALSE,18.1725422757237
"naca","NCAP-MD-SCG1",FALSE,20.7850601030338
"naca","NCAP-MD-SLC1",TRUE,28.7639804989963
"naca","NCAP-MD-SLP1",TRUE,34.0486548368632
"naca","NCAP-MD-SYC1",FALSE,7.04121350887235
"naca","NCAP-MD-TCC1",FALSE,11.0767468499427
"naca","NCAP-MD-TPB1",FALSE,27.4071633237822
"naca","NCAP-MD-WMR1",FALSE,14.6585505585792
"naca","NCAP-VA-ANC1",FALSE,35.6302545038604
"naca","NCAP-VA-ARM1",TRUE,40.3912794033276
"naca","NCAP-VA-BAR1",TRUE,43.53535642714
"naca","NCAP-VA-BBP1",FALSE,53.2011461318052
"naca","NCAP-VA-BLU1",FALSE,30.675272518646
"naca","NCAP-VA-BMP1",FALSE,33.9612403100775
"naca","NCAP-VA-BSH1",FALSE,41.753079346892
"naca","NCAP-VA-CPL1",FALSE,40.9727481353987
"naca","NCAP-VA-DAI1",TRUE,17.8657101865136
"naca","NCAP-VA-DOK1",FALSE,27.9210677382319
"naca","NCAP-VA-FMR1",TRUE,54.1822603719599
"naca","NCAP-VA-FTW1",FALSE,43.330659025788
"naca","NCAP-VA-JDP1",TRUE,46.7828834003446
"naca","NCAP-VA-JPP1",FALSE,32.4759036144578
"naca","NCAP-VA-LBJ1",FALSE,25.7817608259249
"naca","NCAP-VA-LEE1",TRUE,23.280229226361
"naca","NCAP-VA-LIC1",FALSE,27.1983967935872
"naca","NCAP-VA-LOF1",FALSE,22.723782234957
"naca","NCAP-VA-MBL1",FALSE,13.7964551172098
"naca","NCAP-VA-MCC1",FALSE,29.1859598853868
"naca","NCAP-VA-MDP1",FALSE,22.7488532110092
"naca","NCAP-VA-MHP1",FALSE,29.0501002004008
"naca","NCAP-VA-MON1",FALSE,33.1389762653703
"naca","NCAP-VA-MTV1",TRUE,28.3355300859599
"naca","NCAP-VA-POT1",FALSE,11.9524218973918
"naca","NCAP-VA-PRC1",FALSE,30.1638920780712
"naca","NCAP-VA-RTP1",FALSE,15.435092724679
"naca","NCAP-VA-TKY1",FALSE,4.63628546861565
"naca","NCAP-VA-TRI1",FALSE,34.1549255441008
"naca","NCAP-VA-UPT1",FALSE,38.9891335430369
"naca","NCAP-VA-WAR1",FALSE,45.6901206203331
"phaz","01_T01",FALSE,0.290674318507891
"phaz","02_T02",FALSE,0.751933543397307
"phaz","03_T03",FALSE,0.754792560801144
"phaz","04_T04",FALSE,0.275100401606426
"phaz","05_T05",FALSE,0.51103468042419
"phaz","06_T06",FALSE,0.175880836436551
"phaz","2_08_TONTO",FALSE,0.163037249283668
"phaz","07_T07",FALSE,0.172818311874106
"phaz","08_T08",FALSE,0.0670295044399885
"phaz","09_T09",FALSE,0.139954207212364
"phaz","1_01_AF14",FALSE,0.0864833906071019
"phaz","1_02_EME",TRUE,0
"phaz","1_03_EMW",FALSE,0
"phaz","1_04_J9",TRUE,0
"phaz","1_05_MCS",FALSE,0
"phaz","1_06_T21",FALSE,0.269076305220884
"phaz","1_07_UMP",FALSE,2.21727898966705
"phaz","1_08_V9",FALSE,0
"phaz","1_09_W19",FALSE,1.05014326647564
"phaz","1_10_GOAT",TRUE,0.269627507163324
"phaz","10_T10",FALSE,0.262374821173104
"phaz","11_T11",FALSE,1.81190953335242
"phaz","12_T12",FALSE,0.736449670203613
"phaz","13_T13",FALSE,0.351289398280802
"phaz","14_T14",FALSE,0.807791463763964
"phaz","15_T15",FALSE,2.13304721030043
"phaz","16_V01",TRUE,33.0980785775738
"phaz","17_V02",TRUE,29.1912943871707
"phaz","19_V04",FALSE,49.1196679072431
"phaz","2_01_AF19",FALSE,29.410447761194
"phaz","2_02_E12",TRUE,0
"phaz","2_03_EMP",FALSE,0.861723446893788
"phaz","2_04_I17",TRUE,9.83204356549154
"phaz","2_05_MCN",FALSE,0.505582593758946
"phaz","2_06_PWP",FALSE,16.3913788181559
"phaz","2_07_SMW",FALSE,1.21815058688806
"phaz","2_09_U13",TRUE,13.0341365461847
"phaz","2_10_WTM",TRUE,0.227611940298507
"phaz","20_V05",FALSE,48.3098712446352
"phaz","21_V06",TRUE,42.5495702005731
"phaz","22_V07",TRUE,47.7859799713877
"phaz","23_N01",TRUE,51.5978260869565
"phaz","24_N02",FALSE,57.2963068995133
"phaz","25_N03",TRUE,61.9756725815684
"phaz","26_V08",TRUE,46.010592613799
"phaz","27_V09",TRUE,42.6199198626216
"phaz","28_V10",TRUE,40.2488571428571
"phaz","29_N04",TRUE,42.3413516609393
"phaz","3_01_AC16",TRUE,22.7683309557775
"phaz","3_02_AVE35",TRUE,23.3012324448266
"phaz","3_03_DBG",TRUE,28.6725028702641
"phaz","3_04_O17",TRUE,14.0057421762848
"phaz","3_05_R10",FALSE,33.0631095811819
"phaz","3_06_S9",FALSE,32.0639151619375
"phaz","3_07_SME",FALSE,36.79111747851
"phaz","3_08_W18",FALSE,40.6918887933505
"phaz","3_09_X12",FALSE,50.6780292179891
"phaz","3_10_Y10",FALSE,39.7363740676994
"phaz","30_V11",TRUE,51.3976524477526
"phaz","31_V12",TRUE,38.8491107286288
"phaz","4_04_RIO",TRUE,46.5397189561227
"phaz","32_V13",TRUE,23.0856979077099
"phaz","33_V14",TRUE,36.1294117647059
"phaz","34_N05",TRUE,27.6886657101865
"phaz","35_N06",TRUE,21.9172867773326
"phaz","36_N07",TRUE,27.2476354256234
"phaz","37_N08",TRUE,22.4250501576383
"phaz","38_N09",FALSE,10.8688806183796
"phaz","39_N10",FALSE,14.2971346704871
"phaz","4_01_AB20",FALSE,48.366914710933
"phaz","4_02_AE19",TRUE,40.9733524355301
"phaz","4_03_R13",TRUE,57.8745704467354
"phaz","4_05_S14",TRUE,62.2222222222222
"phaz","4_06_V16",TRUE,59.2226047045324
"phaz","4_07_ASUW",FALSE,58.0612653879187
"phaz","4_08_Z20",TRUE,55.3852764250931
"phaz","4_09_AA17",TRUE,37.931251790318
"phaz","4_10_AC19",FALSE,39.4065273403951
"phaz","40_N11",FALSE,4.30529327610873
"phaz","41_V15",FALSE,10.2608073289436
"phaz","42_V16",TRUE,16.5443363844394
"phaz","43_V17",TRUE,8.19059902550874
"phaz","5_01_AD18",FALSE,61.5410586552217
"phaz","5_02_AB18",TRUE,72.2076174112257
"phaz","5_03_R14",TRUE,54.1345163136806
"phaz","5_04_Y19",FALSE,62.996843615495
"phaz","5_05_T14",TRUE,64.3729590375251
"phaz","5_06_S16",TRUE,60.5304895505296
"phaz","5_07_TYARD",TRUE,62.8765042979943
"phaz","5_08_X18",TRUE,69.6239242685026
"phaz","5_09_U17",TRUE,73.2456241032999
"phaz","5_10_V17",TRUE,73.6209654384462
"poor","POOR-E01-OB1",FALSE,46.6654253795474
"poor","POOR-E02-OB2",FALSE,27.7911773130908
"poor","POOR-E03-JCP",TRUE,58.2060675443618
"poor","POOR-E04-TJP",TRUE,43.0546651402404
"poor","POOR-E06-BEL",TRUE,55.2983109075293
"poor","POOR-E08-WFP",TRUE,57.6407099914114
"poor","POOR-E11-BTP",TRUE,49.8772883295195
"poor","POOR-E12-128",FALSE,46.0967278989667
"poor","POOR-E13-PB1",FALSE,17.9278350515464
"poor","POOR-E15-PB3",FALSE,17.0011464603038
"poor","POOR-E17-JBP",FALSE,26.1154727793696
"poor","POOR-E18-SW7",TRUE,39.9773898111048
"poor","POOR-E19-MAP",FALSE,41.5932835820896
"poor","POOR-E20-HOR",FALSE,30.1652821541106
"poor","POOR-W01-GHP",FALSE,41.3595408895265
"poor","POOR-W02-MNP",FALSE,20.8672389127325
"poor","POOR-W03-CCP",FALSE,23.2224132989395
"poor","POOR-W04-WHA",FALSE,13.4354053279863
"poor","POOR-W09-TBP",FALSE,40.8025787965616
"poor","POOR-W10-HRP",FALSE,48.9793340987371
"poor","POOR-W11-TWP",FALSE,50.1221395881007
"poor","POOR-W13-BLP",FALSE,32.4377510040161
"poor","POOR-W14-PSF",FALSE,42.9905498281787
"rony","RCNY-C01-SNP1",FALSE,17.5830703012912
"rony","RCNY-C01-TPP1",FALSE,31.3962857142857
"rony","RCNY-C01-TPP2",FALSE,16.541607091793
"rony","RCNY-C02-MWP1",TRUE,47.2753291356611
"rony","RCNY-C02-SNP2",FALSE,40.8719197707736
"rony","RCNY-L01-BBP1",FALSE,3.50600686498856
"rony","RCNY-L01-RWA1",FALSE,5.57445589919817
"rony","RCNY-L02- BPP1",FALSE,7.16011477761836
"rony","RCNY-L03-BRP1",FALSE,22.5170340681363
"rony","RCNY-L03-OBP1",FALSE,18.9552495697074
"rony","RCNY-L04-DEB1",FALSE,9.08016032064128
"rony","RCNY-L04-DEP1",FALSE,7.50657518582047
"rony","RCNY-L04-DEP2",FALSE,9.52489982827705
"rony","RCNY-S01-BSP1",TRUE,71.7506448839209
"rony","RCNY-S01-GGP1",TRUE,69.526044647968
"rony","RCNY-S01-HFP1",TRUE,74.2004013761468
"rony","RCNY-S01-HLP1",FALSE,29.318
"rony","RCNY-S01-MHC1",TRUE,32.1848787446505
"rony","RCNY-S02-GVP1",FALSE,31.2403322830135
"rony","RCNY-S02-GVP2",FALSE,18.3718132340304
"rony","RCNY-S03-BDP1",FALSE,4.44902634593356
"rony","RCNY-S03-RIT1",FALSE,23.663130733945
"rony","RCNY-S03-RIT2",FALSE,22.4968499427262
"safl","BBP",TRUE,52.2716862296021
"safl","BH1",FALSE,20.1287553648069
"safl","BH2",FALSE,15.7270386266094
"safl","BH3",FALSE,18.5712238463743
"safl","BTP",FALSE,21.1374570446735
"safl","CFZ",TRUE,24.7666953281743
"safl","CW3",FALSE,1.45329512893983
"safl","CWA",FALSE,0.442346208869814
"safl","EST",TRUE,20.5067354542849
"safl","FLM",FALSE,33.3228301346319
"safl","FT5",FALSE,1.29440459110473
"safl","FT6",TRUE,0
"safl","FTG",FALSE,9.79563719862227
"safl","L68",TRUE,47.3689487252936
"safl","LE1",TRUE,0.487238313736736
"safl","LE2",TRUE,2.76949541284404
"safl","LE4",TRUE,4.49885386819484
"safl","LMP",FALSE,6.34957020057307
"safl","NLJ",FALSE,22.987106017192
"safl","RPM",TRUE,43.5606190885641
"safl","SCI",FALSE,21.7093723129837
"safl","SCP",FALSE,19.024648896532
"safl","SCT",FALSE,6.6448009166428
"safl","TCB",TRUE,46.3559127439724
"safl","TCP",FALSE,33.7546574949842
"safl","TWL",FALSE,44.0063073394495
"safl","WTP",FALSE,26.0595817817244
"safl","YCA",FALSE,24.9370349170006
"scut","BC_03",FALSE,0.999426934097421
"scut","BC_07",FALSE,0.471919770773639
"scut","BC_08",FALSE,0.629258517034068
"scut","BC_10",FALSE,0.275694245634125
"scut","BC_11",FALSE,0.0303550973654066
"scut","BC_12",FALSE,0.0177803269285919
"scut","BC_18.2019",FALSE,0.178121420389462
"scut","BC_24.2019",FALSE,0.184557979334099
"scut","BC_25",FALSE,0
"scut","BC_26.2019",FALSE,0
"scut","BC_28.2019",FALSE,0.0605278255880666
"scut","BC_33.2019",FALSE,0.174498567335244
"scut","BC_34",FALSE,0
"scut","BC_38.2019",FALSE,0.6815578465063
"scut","BC_40.2019",FALSE,0.081019181219582
"scut","BC_42.2019",FALSE,5.07101947308133
"scut","Big Cottonwood Regional Park Wetlands.2019",FALSE,54.9320970042796
"scut","Bonneville Golf Course.2019",FALSE,37.0231892356141
"scut","CC_01",FALSE,19.493837775867
"scut","CC_05",FALSE,0.0866952789699571
"scut","CC_06.2019",FALSE,0.121385628399656
"scut","CC_09",FALSE,0.0370051635111876
"scut","CC_11",FALSE,0
"scut","CC_13.2019",FALSE,0
"scut","CC_14.2019",FALSE,0
"scut","Creekside Park.2019",FALSE,48.6084959816303
"scut","Crestwood Park.2019",FALSE,43.3141630901288
"scut","DC_01",FALSE,0.0151775486827033
"scut","DC_03.2019",FALSE,0
"scut","DD_05.2019",FALSE,40.0271894676588
"scut","DD_06.2019",FALSE,49.1306215983959
"scut","DD_07.2019",TRUE,46.8165663513901
"scut","EM_01",FALSE,8.07198164611414
"scut","EM_04",FALSE,2.21318051575931
"scut","EM_05",FALSE,2.47905909351692
"scut","EM_08",FALSE,0
"scut","General Holm Park N.2019",TRUE,49.0071756601607
"scut","JR_02",TRUE,38.4066437571592
"scut","JR_06.2019",TRUE,45.5637353193927
"scut","JR_07",FALSE,55.4122028072186
"scut","JR_08",TRUE,51.1913068344295
"scut","JR_09",TRUE,58.4836863194047
"scut","JR_12.2019",FALSE,50.4319221967963
"scut","JR_13.2019",FALSE,39.7856527977045
"scut","JRP_02",TRUE,44.8639358350043
"scut","LC_02",FALSE,0.981364678899083
"scut","LC_07",FALSE,0.581448611508732
"scut","LC_09.2019",FALSE,0.558266360505166
"scut","LC_12.2019",FALSE,0
"scut","LC_14",FALSE,1.5993690851735
"scut","LC_15",FALSE,0.0217827457724276
"scut","LC_16.2019",FALSE,3.23911798396334
"scut","LC_18",FALSE,3.68252148997135
"scut","LC_20",FALSE,1.55495134516314
"scut","LC_22.2019",FALSE,2.04306632213609
"scut","Little Confluence.2019",TRUE,61.7200915855753
"scut","Lost Lad.2019",FALSE,0.011454753722795
"scut","MC_02",FALSE,0.224291034087654
"scut","MC_06",FALSE,0.0151212553495007
"scut","MC_08",FALSE,0.152080344332855
"scut","MC_09.2019",FALSE,0.0309012875536481
"scut","MC_14",FALSE,0.0843131631775165
"scut","MC_15",FALSE,0.0392775229357798
"scut","MC_18",FALSE,0.0741907762818677
"scut","MC_19",FALSE,0.0327116212338594
"scut","MC_21",FALSE,0
"scut","MCBC_03.2019",FALSE,0.00172166427546628
"scut","MCBC_04.2019",FALSE,0
"scut","MCBC_05.2019",FALSE,2.03845050215208
"scut","MCBC_10.2019",FALSE,0
"scut","Mount Wire Ridgeline.2019",FALSE,0
"scut","Oxbow.2019",TRUE,53.110824742268
"scut","Parley's Point.2019",FALSE,19.0910652920962
"scut","PC_01",FALSE,13.5312142038946
"scut","PC_02.2019",FALSE,2.82570120206068
"scut","PC_03.2019",FALSE,2.5820211852276
"scut","PC_04",FALSE,2.84390243902439
"scut","PC_06.2019",FALSE,0
"scut","PC_08.2019",FALSE,0.0424311926605505
"scut","PC_09.2019",FALSE,5.29046118590662
"scut","PC_14",FALSE,0.28195596225336
"scut","PC_15",FALSE,0.10416068866571
"scut","PC_16.2019",FALSE,1.78000572901747
"scut","PC_17",FALSE,0.0647646219686163
"scut","PC_18.2019",FALSE,0.0761959323975938
"scut","PC_20.2019",FALSE,0
"scut","PC_22",FALSE,3.57947398513436
"scut","PC_26",FALSE,0.0618733887138356
"scut","PC_27",FALSE,0.0355912743972445
"scut","PC_29",FALSE,0.00544100801832761
"scut","PC_31.2019",FALSE,0.00888506735454285
"scut","RB_08",FALSE,0.0117512181140728
"scut","RB_09",FALSE,0
"scut","RB_10",FALSE,0
"scut","Spring Gulch",FALSE,8.44419004006869
"scut","Sunnyside Park.2019",FALSE,46.6655202063629
"scut","Upper Hell Canyon",FALSE,0.900028645087368
"scut","WF_02.2019",TRUE,54.3110157367668
"scut","WF_03.2019",FALSE,56.0550616575853
"sewa","BGP1",FALSE,53.5387041284404
"sewa","BRF1",TRUE,46.2200229489386
"sewa","DOS1",FALSE,8.86291941496989
"sewa","DRP2",FALSE,59.2965616045845
"sewa","DSP1",FALSE,12.3051817921557
"sewa","DWP1",TRUE,78.036420992257
"sewa","FGL1",TRUE,49.9192439862543
"sewa","FRD1",FALSE,2.0898392652124
"sewa","HCN1",TRUE,65.3872352604465
"sewa","HFW1",FALSE,52.9808297567954
"sewa","IRP1",FALSE,42.2260371959943
"sewa","JBP1",FALSE,30.2824405614437
"sewa","LTP1",FALSE,61.1326267545116
"sewa","LWP2",FALSE,47.350987689665
"sewa","MBC1",FALSE,19.4334383051818
"sewa","MGP1",FALSE,19.8564483843294
"sewa","MPO1",FALSE,10.698026880183
"sewa","MSR1",TRUE,63.859845227859
"sewa","MWP1",TRUE,71.2010294538176
"sewa","NRP1",FALSE,43.9848224513173
"sewa","PGP2",TRUE,31.5894495412844
"sewa","PHY1",FALSE,61.3804878048781
"sewa","RHF1",FALSE,2.12697047864718
"sewa","RVP1",FALSE,60.4531920984827
"sewa","RWP1",FALSE,5.887460725507
"sewa","SVP1",FALSE,24.167335243553
"sewa","SWD1",FALSE,30.2664756446991
"sewa","TCC1",FALSE,44.2327116212339
"sewa","TMF1",FALSE,2.60533104041273
"sewa","TMP1",TRUE,61.4573888091822
"sewa","TRN1",FALSE,9.34050487664945
"sewa","WCP2",FALSE,51.4828473413379
"sewa","WDG1",FALSE,48.7760297482838
"slmo","ARH1",TRUE,60.5236593059937
"slmo","BBP1",FALSE,39.1568402976531
"slmo","BDP1",FALSE,36.6079839172889
"slmo","BEN1",TRUE,69.4131994261119
"slmo","CHP1",FALSE,68.6908517350158
"slmo","EMG1",FALSE,28.6928141998282
"slmo","FRP1",FALSE,53.5571797076526
"slmo","KWP1",FALSE,26.537360435156
"slmo","LAF1",TRUE,68.1268250787289
"slmo","LKL1",TRUE,82.4751650875682
"slmo","MEP1",FALSE,87.4981380693211
"slmo","MLP1",FALSE,34.8797250859106
"slmo","OWP1",FALSE,31.3319027181688
"slmo","PVC1",FALSE,17.4994259471871
"slmo","RBP1",FALSE,50.2664945496271
"slmo","RDP1",FALSE,40.886279003151
"slmo","RRC1",TRUE,39.2025787965616
"slmo","RSP1",FALSE,6.04729148753224
"slmo","RSP2",FALSE,8.33954154727794
"slmo","SHC1",FALSE,38.2347377472055
"slmo","SSP1",FALSE,32.704128440367
"slmo","SWP1",FALSE,35.0234957020057
"slmo","TGP1",TRUE,48.4381443298969
"slmo","TGP2",TRUE,59.1210646823125
"slmo","TLP1",TRUE,63.0179948586118
"slmo","TRC1",FALSE,0.3184165232358
"slmo","TRC2",FALSE,0.0853134841110793
"slmo","TRC3",FALSE,5.30311695739205
"slmo","TRP1",TRUE,64.320652173913
"slmo","UGP1",FALSE,36.2663417431193
"slmo","WBC1",FALSE,33.8068214388077
"slmo","WBS1",FALSE,0.765025758443045
"slmo","WTP1",FALSE,2.28469036697248
"slmo","WTP2",FALSE,0.0257658173489837
"slmo","WTP3",FALSE,5.36808937267259
"tawa","B-TP",FALSE,19.187106017192
"tawa","G-CBP1",FALSE,50.6515888920699
"tawa","G-CLP2",FALSE,52.0628227194492
"tawa","G-FP1",FALSE,60.0177752293578
"tawa","G-IP",TRUE,64.9919793755371
"tawa","G-JP",FALSE,59.6556860498425
"tawa","G-KP",FALSE,62.3502436228146
"tawa","G-OTP",TRUE,68.1657093624354
"tawa","G-SB",FALSE,19.052480642386
"tawa","G-SERA",TRUE,63.0429922613929
"tawa","G-SP",TRUE,65.2665330661323
"tawa","G-TNC2",FALSE,57.3424225028703
"tawa","G-VP",FALSE,45.7938646788991
"tawa","G-WLP2",TRUE,66.2025787965616
"tawa","G-WP2",FALSE,52.4548581255374
"tawa","P-BLP",FALSE,48.743119266055
"tawa","P-CCP",FALSE,29.4744985673352
"tawa","P-CUP",FALSE,43.3538505582594
"tawa","P-DPV",FALSE,0.359437751004016
"tawa","P-GP",FALSE,43.0005738880918
"tawa","P-GW1",FALSE,77.1326267545116
"tawa","P-JCP",FALSE,55.8330947609505
"tawa","P-LCC",TRUE,39.6163558106169
"tawa","P-MCP",TRUE,76.6072862880092
"tawa","P-MKP2",FALSE,69.3556893092577
"tawa","P-OB",FALSE,0.841410954975624
"tawa","P-OLT",FALSE,1.23772609819121
"tawa","P-OV2",FALSE,2.0836197021764
"tawa","P-PCNA1",FALSE,47.1402805611222
"tawa","P-PDP",FALSE,25.7024864246928
"tawa","P-RP",FALSE,58.4726596049241
"tawa","P-RT",TRUE,58.0784650630011
"tawa","P-RWSR",FALSE,2.68898426323319
"tawa","P-SCP1",TRUE,35.9415137614679
"tawa","P-STP",FALSE,33.1597480675637
"tawa","P-TE1",FALSE,3.64357286000573
"tawa","P-UCC",FALSE,23.2693080677577
"tawa","P-UWT",TRUE,77.6051120045951
"tawa","P-WBC",TRUE,42.0713262675451
"tawa","P-WP",TRUE,60.0978820835718
"tawa","P-WWP",TRUE,30.7264908256881
"uril","UT10a-MA",FALSE,38.0218265364733
"uril","UT11b-PN",FALSE,25.3321868730295
"uril","UT12a-CW",FALSE,2.8512467755804
"uril","UT13b-EX",FALSE,11.8666285060103
"uril","UT14a-FF",FALSE,2.05730659025788
"uril","UT15a-FP",FALSE,3.689991396616
"uril","UT16a-BC",FALSE,11.3437589670014
"uril","UT17a-SW",FALSE,5.75336579776568
"uril","UT17b-SW",FALSE,8.9418004587156
"uril","UT18a-WT",FALSE,8.24864246927694
"uril","UT19a-ND",FALSE,2.9438717067583
"uril","UT1a-HL1",FALSE,2.40974212034384
"uril","UT20b-EF",FALSE,5.81409338298482
"uril","UT21a-PR",FALSE,35.0904164289789
"uril","UT22a-CS",FALSE,50.9187715269805
"uril","UT23a-BU",TRUE,39.918098510882
"uril","UT24a-MB",FALSE,18.4603719599428
"uril","UT25a-HH",FALSE,41.5115549215407
"uril","UT26a-JH",FALSE,4.84912682507873
"uril","UT27a-RB",FALSE,4.5156115726153
"uril","UT28a-SH1",FALSE,1.34383954154728
"uril","UT29a-SH2",FALSE,2.8518200057323
"uril","UT2a-HL2",FALSE,0.856325128792215
"uril","UT30b-AZ",FALSE,2.27405498281787
"uril","UT31a-VM",FALSE,40.0140562248996
"uril","UT32a-DB",FALSE,3.43025258323766
"uril","UT33a-CR",FALSE,2.73961615582928
"uril","UT34a-SY",FALSE,2.6667622598222
"uril","UT3a-HL3",FALSE,2.05722460658083
"uril","UT4a-HL4",FALSE,1.92032100888507
"uril","UT5a-TW",FALSE,1.30151905990255
"uril","UT6a-PT",FALSE,1.32292263610315
"uril","UT7a-BR",FALSE,4.54378935317687
"uril","UT8a-WL",FALSE,17.634747706422
"uril","UT9a-CO",FALSE,2.93568762561011
"wide","ASP",FALSE,17.3780767029193
"wide","BCP",FALSE,2.83920894239037
"wide","BKP",FALSE,17.4843884273847
"wide","BNP",TRUE,27.4062410535356
"wide","BNP3",TRUE,36.554886787045
"wide","BRG",FALSE,26.4723891273247
"wide","CBP2",TRUE,50.5200688073394
"wide","CMP",TRUE,35.2867794665902
"wide","CWP",TRUE,20.0701804640504
"wide","DEC",TRUE,38.4958393113343
"wide","FLW",FALSE,3.97882689556509
"wide","FZS",TRUE,15.6504297994269
"wide","GLP2",FALSE,13.6157367668097
"wide","JSC",FALSE,1.09426934097421
"wide","LMC",FALSE,6.66924620235024
"wide","LMR2",FALSE,34.9536348025186
"wide","MAR",FALSE,0.447210300429185
"wide","MRP",TRUE,34.2733771804404
"wide","RPL3",FALSE,23.4691888793351
"wide","RPW",TRUE,30.0042918454936
"wide","RVC",TRUE,59.2339633447881
"wide","SBP",FALSE,23.1007173601148
"wide","SLP",TRUE,43.2517162471396
"wide","SMP",FALSE,27.6918004587156
"wide","SSL2",FALSE,15.6124319679175
"wide","SSL3",FALSE,4.45514474061336
"wide","WBC",TRUE,59.5197821100917
"wide","WIDE-A08-GLP1",FALSE,37.2398968185727
"wide","WIN2",FALSE,4.02772220634467
